OrderID,ProductID,QUANTITYORDERED,PRICEEACH,ORDERLINENUMBER,SALES
1,1,30,95.7,2,2871.0
2,1,34,81.35,5,2765.9
3,1,41,94.74,2,3884.34
4,1,45,83.26,6,3746.7
5,1,49,100.0,14,5205.27
6,1,36,96.66,1,3479.76
7,1,29,86.13,9,2497.77
8,1,48,100.0,1,5512.32
9,1,22,98.57,2,2168.54
10,1,41,100.0,14,4708.44
11,1,37,100.0,1,3965.66
12,1,23,100.0,7,2333.12
13,1,28,100.0,2,3188.64
14,1,34,100.0,2,3676.76
15,1,45,92.83,1,4177.35
16,1,36,100.0,6,4099.68
17,1,23,100.0,9,2597.39
18,1,41,100.0,5,4394.38
19,1,46,94.74,1,4358.04
20,1,42,100.0,1,4396.14
21,1,41,100.0,9,7737.93
22,1,20,72.55,13,1451.0
23,1,21,34.91,12,733.11
24,1,42,76.36,4,3207.12
25,1,24,100.0,7,2434.56
26,1,66,100.0,2,7516.08
27,2,26,100.0,11,5404.62
28,2,29,100.0,1,7209.11
29,2,38,100.0,11,7329.06
30,2,37,100.0,11,7374.1
31,2,45,100.0,8,10993.5
32,2,21,100.0,1,4860.24
33,2,34,100.0,4,8014.82
34,2,23,100.0,8,5372.57
35,2,42,100.0,11,7290.36
36,2,47,100.0,6,9064.89
37,2,35,100.0,3,6075.3
38,2,29,100.0,2,6463.23
39,2,34,100.0,9,6120.34
40,2,32,100.0,6,7680.64
41,2,21,100.0,9,4905.39
42,2,34,100.0,2,8014.82
43,2,37,100.0,11,7136.19
44,2,47,100.0,6,10172.7
45,2,48,100.0,3,11623.7
46,2,40,100.0,1,6000.4
47,2,26,100.0,3,3003.0
48,2,30,100.0,1,3944.7
49,2,32,100.0,10,5691.84
50,2,41,100.0,2,4514.92
51,2,36,100.0,3,8254.8
52,2,24,100.0,4,2416.56
53,2,23,100.0,9,4140.23
54,2,50,100.0,6,12001.0
55,3,39,99.91,5,3896.49
56,3,29,96.34,3,2793.86
3,3,27,100.0,5,3307.77
4,3,37,100.0,9,5192.95
5,3,37,100.0,17,5016.83
6,3,27,100.0,4,3660.93
57,3,42,100.0,12,4695.6
8,3,38,96.34,4,3660.92
58,3,24,100.0,5,3025.92
59,3,23,100.0,2,3009.09
11,3,47,100.0,4,5422.39
60,3,22,100.0,1,2852.08
13,3,44,100.0,5,5756.52
14,3,40,100.0,5,4472.0
61,3,22,100.0,4,2904.44
16,3,47,100.0,9,6484.59
62,3,39,96.34,1,3757.26
63,3,34,100.0,2,4043.96
19,3,45,100.0,4,5566.5
20,3,20,100.0,2,3176.0
64,3,40,68.92,4,2756.8
22,3,26,51.15,8,1329.9
65,3,39,100.0,5,5288.01
66,3,50,44.51,5,2225.5
67,3,45,100.0,1,5833.8
68,3,45,100.0,5,5887.35
55,4,27,100.0,4,6065.55
69,4,46,100.0,2,9264.86
70,4,31,100.0,4,7023.98
4,4,33,100.0,8,5176.38
5,4,22,100.0,16,4132.7
6,4,20,100.0,3,4183.0
71,4,41,100.0,11,8892.9
72,4,45,100.0,3,8714.7
73,4,49,100.0,4,8065.89
59,4,34,100.0,1,6123.4
74,4,49,100.0,3,9774.03
75,4,39,100.0,9,7023.9
76,4,43,100.0,4,7078.23
77,4,41,100.0,4,8336.94
15,4,36,100.0,3,6901.92
16,4,27,100.0,8,5438.07
78,4,29,100.0,11,6683.34
63,4,20,100.0,1,4570.4
79,4,37,100.0,3,7667.14
20,4,26,100.0,3,5868.2
64,4,39,76.67,3,2990.13
80,4,22,100.0,4,3664.1
65,4,22,100.0,1,3834.38
66,4,21,86.77,7,1822.17
81,4,66,100.0,9,11886.6
26,4,56,100.0,4,9218.16
82,5,50,100.0,2,7208.0
83,5,46,100.0,11,5004.8
84,5,33,100.0,2,4398.24
85,5,49,100.0,15,5597.76
86,5,32,100.0,13,4526.08
87,5,44,100.0,9,5924.16
88,5,24,100.0,12,3492.48
89,5,26,100.0,9,3854.24
90,5,45,100.0,6,5324.4
91,5,39,100.0,8,5197.92
92,5,49,100.0,12,5997.6
93,5,20,100.0,3,2910.4
94,5,27,100.0,1,3378.24
95,5,30,100.0,4,3508.8
96,5,25,100.0,6,2992.0
97,5,24,100.0,1,3427.2
98,5,22,100.0,9,2692.8
99,5,33,100.0,17,4128.96
100,5,47,64.93,6,3051.71
101,5,25,48.05,8,1201.25
102,5,26,75.47,5,1962.22
103,5,48,54.68,6,2624.64
104,5,39,100.0,3,4046.25
105,5,34,100.0,4,4846.7
106,5,32,100.0,2,3370.56
107,5,64,100.0,9,9661.44
108,5,19,100.0,3,2764.88
27,6,42,100.0,4,5398.26
109,6,31,100.0,8,4305.28
110,6,22,100.0,4,3347.74
111,6,26,100.0,4,3188.12
112,6,20,100.0,1,3191.2
113,6,21,100.0,2,3536.82
114,6,33,100.0,9,5362.83
34,6,28,100.0,1,3433.36
115,6,26,100.0,4,4263.74
116,6,31,100.0,15,4076.19
117,6,48,100.0,4,7020.48
118,6,50,100.0,9,6426.5
39,6,28,100.0,2,4591.72
119,6,26,100.0,12,4033.38
41,6,32,100.0,2,4302.08
120,6,44,100.0,9,7020.64
121,6,30,100.0,4,3855.9
122,6,38,100.0,13,6680.78
123,6,40,100.0,7,6678.0
124,6,46,61.99,8,2851.54
125,6,26,100.0,2,3188.12
48,6,27,100.0,2,4428.0
49,6,43,100.0,9,5780.92
126,6,35,65.63,4,2297.05
127,6,37,100.0,6,6231.54
52,6,37,46.9,7,1735.3
53,6,27,100.0,2,4427.73
128,6,38,100.0,12,5894.94
129,7,33,100.0,6,5265.15
130,7,42,100.0,10,7599.9
131,7,42,100.0,7,8008.56
132,7,48,100.0,7,9245.76
133,7,41,100.0,2,8296.35
134,7,30,100.0,2,5019.9
135,7,27,100.0,14,5411.07
136,7,21,100.0,3,3840.9
137,7,20,100.0,8,3930.4
138,7,41,100.0,2,7498.9
139,7,27,100.0,9,4517.91
140,7,28,100.0,3,5774.72
141,7,24,100.0,13,3922.56
142,7,44,100.0,14,9160.36
143,7,50,100.0,3,9631.0
144,7,21,100.0,12,3432.24
145,7,33,100.0,5,5521.89
146,7,33,100.0,10,6934.62
147,7,31,100.0,3,6876.11
148,7,41,71.47,5,2930.27
149,7,45,79.65,2,3584.25
150,7,33,85.39,3,2817.87
151,7,45,76.0,7,3420.0
152,7,26,99.04,4,2575.04
153,7,12,100.0,13,1961.28
82,8,41,100.0,15,8690.36
154,8,33,100.0,9,6034.38
155,8,46,100.0,2,11279.2
156,8,33,100.0,12,8023.29
157,8,20,100.0,11,4904.0
158,8,44,100.0,3,8594.52
159,8,33,100.0,2,7474.5
160,8,21,100.0,13,3883.74
161,8,47,100.0,5,8887.7
162,8,46,100.0,13,8602.92
163,8,32,100.0,2,7181.44
164,8,42,100.0,2,8378.58
165,8,44,100.0,2,10606.2
166,8,35,100.0,2,5818.4
167,8,41,100.0,5,7071.27
168,8,46,100.0,8,8411.56
169,8,31,100.0,13,6570.76
170,8,38,100.0,5,7975.44
171,8,42,64.0,8,2688.0
172,8,33,57.22,10,1888.26
173,8,48,52.36,8,2513.28
174,8,42,100.0,8,4764.48
175,8,32,100.0,6,3560.64
176,8,34,100.0,10,3823.64
177,8,33,69.12,1,2280.96
178,8,36,100.0,2,8677.8
27,9,27,100.0,8,3394.98
179,9,21,100.0,2,3415.44
180,9,21,100.0,8,2439.57
111,9,38,100.0,8,4829.8
112,9,30,100.0,5,4100.1
113,9,49,100.0,6,6563.06
181,9,43,100.0,1,6817.22
34,9,41,100.0,5,6163.94
115,9,38,100.0,8,4933.92
182,9,28,100.0,3,4056.36
183,9,43,100.0,1,5759.42
118,9,25,100.0,13,3451.0
39,9,38,100.0,6,5920.4
184,9,41,100.0,3,6668.24
41,9,28,100.0,6,4094.72
185,9,25,100.0,13,2938.5
121,9,41,100.0,8,6387.8
186,9,39,100.0,3,6396.0
187,9,21,100.0,11,2669.1
46,9,27,100.0,9,4784.13
47,9,33,99.21,6,3273.93
48,9,29,100.0,3,3586.43
49,9,49,100.0,8,5960.36
188,9,49,100.0,8,8470.14
189,9,20,100.0,1,2952.0
52,9,39,63.2,9,2464.8
53,9,40,100.0,6,6232.0
54,9,49,100.0,3,7969.36
55,10,21,100.0,1,3036.6
190,10,50,100.0,4,8284.0
191,10,20,100.0,1,2711.2
192,10,49,100.0,5,8339.8
5,10,38,100.0,13,6238.84
134,10,35,100.0,13,4639.25
57,10,40,100.0,8,6747.6
193,10,28,100.0,1,4512.48
58,10,25,100.0,1,4029.0
10,10,36,100.0,13,4771.8
194,10,43,100.0,6,6087.94
195,10,32,100.0,6,4193.28
76,10,46,100.0,1,7552.28
14,10,48,100.0,1,6434.4
196,10,43,100.0,14,5181.5
16,10,49,100.0,5,6863.92
78,10,24,100.0,8,4157.04
18,10,26,100.0,4,4660.24
197,10,30,100.0,9,4111.8
20,10,24,100.0,6,3542.64
21,10,55,100.0,8,8118.55
80,10,22,100.0,1,3877.06
151,10,49,78.92,13,3867.08
24,10,44,100.0,6,5951.44
81,10,66,100.0,6,8648.64
68,10,21,100.0,1,3447.78
198,11,34,100.0,1,5958.5
154,11,43,100.0,10,5911.64
155,11,46,100.0,3,7366.44
199,11,33,100.0,13,4985.64
157,11,42,100.0,12,5393.64
200,11,34,100.0,4,4880.02
159,11,47,100.0,3,8378.69
160,11,33,100.0,14,4038.21
201,11,24,100.0,6,3807.12
202,11,26,100.0,14,3142.36
203,11,30,100.0,3,4713.6
204,11,43,100.0,1,7016.31
205,11,25,100.0,3,4381.25
166,11,27,100.0,3,4283.01
206,11,27,100.0,6,4364.82
207,11,24,100.0,9,4242.24
169,11,34,100.0,14,4982.7
208,11,46,100.0,6,6393.54
209,11,27,54.33,1,1466.91
210,11,33,100.0,11,4059.33
211,11,47,100.0,4,4801.52
212,11,49,55.34,5,2711.66
213,11,40,100.0,4,5862.0
176,11,37,100.0,11,4071.85
178,11,47,100.0,3,8236.75
129,12,45,100.0,4,6130.35
214,12,37,99.82,8,3693.34
215,12,48,100.0,5,6031.68
216,12,31,100.0,5,3494.94
217,12,46,100.0,6,5294.14
218,12,47,100.0,4,5464.69
219,12,28,100.0,12,2860.76
136,12,40,100.0,1,5590.0
220,12,20,100.0,6,2254.8
221,12,39,100.0,16,4946.76
222,12,25,99.82,7,2495.5
140,12,29,100.0,1,3167.38
223,12,22,100.0,11,2402.84
224,12,22,100.0,12,2454.54
196,12,47,100.0,1,5464.69
144,12,45,100.0,10,4756.5
145,12,29,100.0,3,3984.6
146,12,24,100.0,8,3100.32
147,12,35,100.0,1,4850.3
20,12,46,83.63,13,3846.98
149,12,44,95.93,1,4220.92
225,12,34,96.73,4,3288.82
226,12,35,100.0,1,3987.2
152,12,25,72.38,6,1809.5
153,12,10,100.0,11,1092.2
227,13,29,100.0,14,4566.05
154,13,39,100.0,8,5938.14
155,13,42,100.0,1,8138.76
156,13,46,100.0,11,9470.94
228,13,49,100.0,10,7036.89
200,13,27,100.0,2,5559.03
159,13,50,100.0,1,7872.5
229,13,43,100.0,12,7886.2
161,13,38,100.0,4,7232.16
202,13,20,100.0,12,3114.4
203,13,27,100.0,1,5045.22
230,13,49,100.0,1,6952.12
205,13,27,100.0,1,4157.73
231,13,39,100.0,1,7962.24
206,13,24,100.0,4,3778.8
168,13,45,100.0,7,8253.0
169,13,20,100.0,12,3633.4
208,13,36,100.0,4,6913.8
171,13,24,100.0,1,2583.6
210,13,49,63.38,1,3105.62
232,13,26,100.0,10,4408.56
174,13,49,62.09,5,3042.41
213,13,34,100.0,1,5941.5
176,13,34,95.35,12,3241.9
233,13,33,100.0,3,6109.29
234,13,22,100.0,1,3387.78
129,14,39,89.38,7,3485.82
235,14,32,63.84,11,2042.88
236,14,24,75.01,8,1800.24
237,14,21,63.84,8,1340.64
238,14,24,73.42,3,1762.08
239,14,36,63.84,3,2298.24
219,14,20,81.4,15,1628.0
240,14,30,64.64,4,1939.2
137,14,44,82.99,9,3651.56
241,14,28,92.57,3,2591.96
222,14,37,77.41,10,2864.17
242,14,20,74.21,4,1484.2
223,14,25,90.17,14,2254.25
224,14,35,76.61,15,2681.35
196,14,38,83.79,4,3184.02
243,14,41,69.43,13,2846.63
244,14,22,76.61,6,1685.42
146,14,49,81.4,11,3988.6
245,14,38,73.42,4,2789.96
20,14,33,100.0,14,3607.56
149,14,36,93.56,10,3368.16
150,14,34,81.62,5,2775.08
246,14,24,67.83,5,1627.92
152,14,36,70.26,7,2529.36
247,14,34,90.17,14,3065.78
198,15,41,100.0,9,4615.78
248,15,46,100.0,5,5723.78
249,15,24,100.0,11,2559.6
250,15,21,100.0,5,2140.11
251,15,24,100.0,3,3327.6
200,15,48,100.0,12,6825.6
114,15,26,100.0,1,3543.28
252,15,37,100.0,6,4516.22
253,15,49,100.0,6,6445.46
116,15,34,99.54,7,3384.36
254,15,48,100.0,2,4891.68
118,15,36,100.0,1,4521.96
255,15,46,100.0,5,5069.66
119,15,46,100.0,4,6541.2
256,15,31,97.17,5,3012.27
257,15,41,100.0,1,5247.18
258,15,21,100.0,8,2214.87
122,15,38,100.0,5,4773.18
208,15,45,100.0,14,6185.7
209,15,26,58.38,7,1517.88
210,15,38,100.0,3,6372.6
232,15,48,100.0,9,5232.96
212,15,42,64.16,9,2694.72
259,15,49,35.71,4,1749.79
260,15,32,66.58,13,2130.56
261,15,54,100.0,5,5951.34
128,15,33,100.0,4,4692.6
129,16,36,100.0,3,3731.04
235,16,20,100.0,7,2142.0
236,16,29,97.89,4,2838.81
216,16,33,97.89,4,3230.37
217,16,50,100.0,5,5182.0
218,16,41,100.0,3,4391.1
135,16,36,100.0,11,4477.32
262,16,27,100.0,16,3544.56
137,16,47,100.0,5,5195.85
221,16,33,100.0,15,4180.44
222,16,21,100.0,6,2684.43
263,16,21,93.28,5,1958.88
141,16,41,100.0,10,4910.57
264,16,40,100.0,11,4468.4
265,16,28,100.0,1,3127.88
243,16,23,100.0,9,2675.13
244,16,23,100.0,2,2807.61
266,16,25,100.0,7,2504.75
267,16,24,100.0,15,2984.88
148,16,39,64.74,15,2524.86
149,16,55,75.2,7,4136.0
225,16,46,88.45,6,4068.7
268,16,50,100.0,1,5182.0
269,16,47,100.0,8,5243.79
270,16,97,93.28,5,9048.16
247,16,32,100.0,10,3832.64
27,17,35,100.0,10,3920.0
179,17,49,100.0,4,4916.66
110,17,38,100.0,10,3857.0
111,17,32,100.0,10,4181.44
112,17,34,100.0,7,4641.0
113,17,36,99.17,8,3570.12
181,17,48,93.34,3,4480.32
271,17,21,96.84,7,2033.64
272,17,21,93.34,10,1960.14
182,17,34,100.0,5,3966.78
37,17,46,100.0,2,5152.0
38,17,32,100.0,1,3360.0
39,17,29,100.0,8,3451.0
184,17,41,100.0,5,5453.0
41,17,43,96.84,8,4164.12
273,17,24,100.0,1,2800.08
121,17,41,100.0,10,4687.94
186,17,46,98.0,5,4508.0
274,17,32,100.0,2,4181.44
124,17,22,100.0,10,2251.04
275,17,29,40.25,7,1167.25
276,17,42,49.6,5,2083.2
49,17,39,98.0,1,3822.0
277,17,27,100.0,1,3911.49
127,17,48,98.0,2,4704.0
52,17,29,85.1,10,2467.9
53,17,27,100.0,8,3213.0
54,17,54,100.0,5,7182.0
278,18,26,100.0,4,4379.18
214,18,34,100.0,2,5004.8
279,18,25,100.0,2,3644.75
280,18,23,100.0,13,2702.04
281,18,28,100.0,12,3764.88
282,18,35,100.0,2,4508.0
135,18,44,100.0,6,5418.16
262,18,22,100.0,11,3300.66
283,18,42,100.0,17,6182.4
221,18,29,100.0,10,4186.73
139,18,32,100.0,1,4529.28
284,18,41,100.0,3,5628.89
141,18,26,100.0,5,3054.48
224,18,21,100.0,6,2526.51
285,18,34,100.0,6,4667.86
144,18,41,100.0,4,6499.32
286,18,37,100.0,8,5917.78
146,18,37,100.0,2,6231.91
287,18,41,100.0,10,5803.14
288,18,46,100.0,6,6434.02
289,18,40,100.0,2,6454.4
290,18,43,97.6,8,4196.8
291,18,30,87.06,1,2611.8
268,18,35,100.0,2,5895.05
292,18,36,93.77,14,3375.72
293,18,61,100.0,3,8374.69
247,18,38,100.0,5,4464.24
294,19,39,100.0,2,4808.31
295,19,33,99.66,6,3288.78
296,19,32,100.0,1,3254.72
297,19,31,100.0,7,3184.94
298,19,50,100.0,4,5907.5
299,19,48,91.44,2,4389.12
300,19,43,100.0,6,5036.16
301,19,25,87.33,3,2183.25
302,19,28,100.0,7,3106.88
303,19,36,100.0,2,3735.72
304,19,27,89.38,10,2413.26
305,19,25,100.0,3,2953.75
306,19,40,100.0,7,4684.8
307,19,34,95.55,2,3248.7
308,19,50,100.0,9,5239.5
309,19,38,100.0,2,4567.98
186,19,37,95.55,13,3535.35
274,19,43,89.38,10,3843.34
46,19,43,86.3,14,3710.9
310,19,46,95.13,15,4375.98
311,19,42,36.11,3,1516.62
312,19,50,50.18,9,2509.0
313,19,44,100.0,8,9240.44
314,19,27,93.16,13,2515.32
315,19,35,100.0,2,5548.9
316,19,51,95.55,2,4873.05
317,20,41,50.14,1,2055.74
318,20,48,49.06,5,2354.88
180,20,42,54.99,17,2309.58
319,20,49,43.13,6,2113.37
320,20,30,58.22,3,1746.6
321,20,45,51.21,1,2304.45
322,20,48,44.21,5,2122.08
301,20,32,54.45,2,1742.4
323,20,46,53.37,6,2455.02
303,20,48,63.61,1,3053.28
304,20,33,43.13,9,1423.29
305,20,31,48.52,2,1504.12
324,20,20,58.22,6,1164.4
325,20,29,51.75,1,1500.75
273,20,27,57.68,8,1557.36
326,20,24,56.07,1,1345.68
327,20,37,48.52,12,1795.24
328,20,25,44.21,9,1105.25
124,20,41,57.68,5,2364.88
329,20,27,89.89,16,2427.03
276,20,21,58.95,7,1237.95
312,20,22,72.41,6,1593.02
50,20,32,98.63,7,3156.16
189,20,25,52.83,9,1320.75
315,20,42,100.0,3,4998.0
330,20,25,51.75,1,1293.75
331,21,37,100.0,16,5433.08
332,21,26,100.0,2,3073.72
333,21,44,99.55,2,4380.2
334,21,47,100.0,9,5848.68
281,21,43,100.0,8,6153.73
335,21,42,100.0,6,4965.24
135,21,42,100.0,2,5435.64
262,21,29,100.0,7,4258.36
283,21,40,100.0,13,4032.0
221,21,38,100.0,6,4492.36
336,21,38,100.0,4,4161.38
337,21,21,100.0,11,2508.66
141,21,24,100.0,1,3374.88
264,21,36,100.0,2,5196.6
338,21,23,100.0,2,2604.52
339,21,20,100.0,14,2936.8
286,21,32,100.0,4,3424.64
340,21,29,100.0,9,2923.2
287,21,44,100.0,6,4489.76
288,21,44,100.0,14,4849.24
341,21,36,100.0,4,5848.92
342,21,49,56.3,1,2758.7
343,21,34,42.64,5,1449.76
344,21,59,100.0,11,7048.14
247,21,37,100.0,1,5202.94
345,22,36,100.0,12,5279.4
83,22,43,100.0,3,6916.12
346,22,21,100.0,4,2781.66
85,22,32,100.0,7,5248.0
86,22,38,100.0,5,6531.44
87,22,43,100.0,1,5763.72
88,22,42,100.0,4,6490.68
89,22,32,100.0,1,6004.8
347,22,42,100.0,4,7483.98
59,22,31,100.0,17,5719.5
92,22,49,100.0,4,6954.08
348,22,45,100.0,14,8160.3
349,22,49,100.0,9,6567.96
350,22,41,100.0,1,6724.0
351,22,45,100.0,11,5747.85
352,22,36,100.0,7,5676.84
353,22,39,100.0,1,7379.97
99,22,27,100.0,9,3704.13
354,22,25,100.0,6,2804.75
355,22,41,100.0,1,5624.79
356,22,39,99.52,1,3881.28
357,22,28,57.55,4,1611.4
358,22,25,54.57,7,1364.25
359,22,33,100.0,11,4215.09
360,22,34,100.0,1,6433.82
361,22,24,100.0,14,4352.16
362,23,30,100.0,3,5151.0
331,23,42,100.0,7,6069.0
363,23,21,100.0,6,2856.0
298,23,34,100.0,11,5375.4
299,23,29,100.0,9,5176.5
300,23,24,100.0,13,3508.8
364,23,44,100.0,10,7554.8
302,23,21,100.0,14,3141.6
283,23,33,100.0,4,5890.5
365,23,30,100.0,7,5967.0
366,23,26,100.0,10,3712.8
367,23,41,100.0,2,7597.3
308,23,26,100.0,16,3668.6
368,23,32,100.0,5,5875.2
369,23,43,100.0,1,7310.0
45,23,48,100.0,17,8078.4
288,23,44,74.04,7,3257.76
370,23,45,100.0,1,7650.0
371,23,37,100.0,3,4703.81
372,23,39,100.0,2,5399.55
344,23,76,100.0,2,14082.8
373,23,37,100.0,5,5283.6
129,24,38,82.39,2,3130.82
214,24,43,72.38,6,3112.34
215,24,48,79.31,3,3806.88
237,24,26,82.39,3,2142.14
217,24,38,88.55,4,3364.9
374,24,20,63.14,2,1262.8
219,24,22,73.92,10,1626.24
262,24,45,90.86,15,4088.7
137,24,45,85.47,4,3846.15
375,24,20,66.99,14,1339.8
139,24,47,64.68,5,3039.96
376,24,46,73.92,4,3400.32
223,24,23,83.93,9,1930.39
224,24,33,74.69,10,2464.77
338,24,29,90.86,10,2634.94
144,24,44,82.39,8,3625.16
145,24,41,92.4,1,3788.4
266,24,20,91.63,6,1832.6
267,24,37,78.54,14,2905.98
148,24,29,100.0,9,2954.81
289,24,55,65.45,1,3599.75
225,24,22,100.0,7,3686.54
246,24,31,67.76,4,2100.56
269,24,49,79.22,3,3881.78
377,24,61,73.92,4,4509.12
247,24,39,83.93,9,3273.27
278,25,38,100.0,3,4432.7
214,25,31,100.0,1,4100.99
279,25,36,100.0,1,5274.72
334,25,25,100.0,12,4232.0
281,25,48,100.0,11,6145.44
282,25,35,100.0,1,4680.2
135,25,21,100.0,5,3286.08
378,25,47,100.0,10,7421.3
283,25,38,100.0,16,6432.64
221,25,41,100.0,9,4840.87
336,25,24,100.0,7,3892.08
284,25,37,100.0,2,5526.32
141,25,33,100.0,4,4459.62
264,25,49,100.0,5,6203.4
285,25,29,100.0,5,3754.05
144,25,24,100.0,3,3516.48
379,25,47,100.0,7,7488.04
146,25,24,100.0,1,3448.08
287,25,25,100.0,9,3734.0
380,25,30,32.47,8,974.1
289,25,22,100.0,3,3160.74
312,25,27,64.69,2,1746.63
381,25,34,100.0,3,4207.84
268,25,36,100.0,6,4352.76
382,25,34,43.05,15,1463.7
293,25,48,100.0,2,7169.28
247,25,34,100.0,4,4594.76
198,26,24,100.0,8,3457.92
383,26,46,100.0,4,7381.16
155,26,45,100.0,10,7146.9
384,26,39,100.0,4,5938.53
385,26,43,100.0,2,7110.91
200,26,29,100.0,11,5032.95
386,26,20,100.0,10,3667.6
387,26,46,100.0,5,7381.16
253,26,27,100.0,5,5128.11
388,26,44,100.0,6,7060.24
389,26,43,100.0,1,8448.64
204,26,49,100.0,8,7300.51
255,26,40,100.0,4,6549.2
119,26,30,100.0,3,5697.9
390,26,50,100.0,4,9169.0
206,26,23,100.0,13,3238.63
391,26,26,100.0,7,4554.94
122,26,27,100.0,4,3934.44
208,26,42,100.0,13,5776.26
392,26,47,100.0,8,7207.45
393,26,49,100.0,6,7460.74
232,26,38,100.0,8,6719.54
212,26,20,100.0,10,2428.0
259,26,25,100.0,7,2602.25
260,26,25,88.0,5,2200.0
261,26,41,100.0,4,6712.93
128,26,28,100.0,3,5318.04
362,27,50,67.8,2,3390.0
394,27,32,50.25,6,1608.0
363,27,42,53.88,5,2262.96
320,27,24,62.36,10,1496.64
321,27,27,69.62,8,1879.74
322,27,26,57.51,12,1495.26
301,27,38,61.15,9,2323.7
323,27,42,59.33,13,2491.86
395,27,23,71.44,3,1643.12
396,27,21,62.96,6,1322.16
305,27,28,50.85,9,1423.8
337,27,33,72.65,1,2397.45
273,27,25,62.96,15,1574.0
339,27,28,61.75,4,1729.0
397,27,46,49.04,2,2255.84
328,27,30,61.15,16,1834.5
310,27,38,84.25,9,3201.5
398,27,40,56.91,2,2276.4
399,27,45,100.0,4,8884.8
400,27,27,49.3,1,1331.1
401,27,42,72.65,1,3051.3
402,27,36,63.57,4,2288.52
198,28,29,100.0,12,3772.61
109,28,39,100.0,3,4164.42
403,28,45,100.0,14,6295.95
384,28,47,100.0,8,6287.66
251,28,49,100.0,6,5412.54
200,28,46,100.0,15,5984.14
114,28,48,100.0,4,5891.04
252,28,46,100.0,9,5984.14
253,28,35,100.0,9,3608.15
116,28,43,100.0,10,5752.54
118,28,26,100.0,4,3765.32
404,28,22,98.18,8,2159.96
119,28,34,99.41,7,3379.94
256,28,50,100.0,8,5093.5
257,28,48,100.0,4,5773.44
391,28,41,100.0,11,4528.86
122,28,36,100.0,8,4816.08
123,28,29,100.0,2,3416.78
209,28,33,37.48,10,1236.84
125,28,46,100.0,6,5814.86
232,28,38,100.0,7,5223.48
212,28,20,36.42,11,728.4
277,28,22,100.0,5,3949.0
405,28,27,100.0,11,3843.99
261,28,56,98.18,8,5498.08
128,28,38,99.41,7,3777.58
406,29,25,100.0,4,3782.0
331,29,33,100.0,4,3859.68
407,29,42,100.0,3,4431.84
298,29,33,100.0,8,4950.33
299,29,38,100.0,6,4299.7
300,29,31,100.0,10,4492.83
301,29,20,100.0,7,2212.0
302,29,44,100.0,11,4642.88
283,29,26,100.0,1,3206.32
365,29,27,100.0,4,3604.23
408,29,46,100.0,7,7017.76
409,29,47,100.0,2,6154.18
308,29,37,100.0,13,4750.8
368,29,31,100.0,2,3822.92
327,29,24,100.0,17,2440.8
274,29,31,100.0,14,4729.36
410,29,50,100.0,6,12536.5
329,29,35,64.69,8,2264.15
411,29,30,100.0,3,3928.2
290,29,29,100.0,3,3630.22
371,29,27,100.0,5,4196.07
412,29,40,100.0,10,4931.6
292,29,31,98.99,16,3068.69
413,29,6,100.0,2,785.64
373,29,45,100.0,2,4977.0
414,30,22,54.09,2,1189.98
109,30,45,68.67,6,3090.15
180,30,43,65.02,2,2795.86
415,30,46,61.99,2,2851.54
416,30,39,69.28,9,2701.92
417,30,31,71.1,18,2204.1
418,30,41,69.28,7,2840.48
419,30,44,60.16,12,2647.04
115,30,45,70.49,2,3172.05
420,30,37,69.89,13,2585.93
421,30,35,61.38,2,2148.3
422,30,28,59.55,7,1667.4
404,30,30,61.99,11,1859.7
423,30,30,49.22,10,1476.6
424,30,25,69.28,11,1732.0
185,30,29,57.73,7,1674.17
425,30,26,57.73,2,1500.98
426,30,41,53.48,11,2192.68
187,30,34,52.87,5,1797.58
124,30,35,61.21,11,2142.35
427,30,34,61.38,1,2086.92
48,30,50,100.0,8,6834.5
428,30,41,61.99,7,2541.59
126,30,22,96.86,7,2130.92
189,30,35,48.62,7,1701.7
52,30,44,38.5,5,1694.0
429,30,47,61.99,11,2913.53
430,30,19,49.22,10,935.18
345,31,34,90.39,2,3073.26
56,31,29,71.81,8,2082.49
431,31,49,69.27,3,3394.23
432,31,30,85.32,14,2559.6
433,31,21,70.96,9,1490.16
59,31,50,76.88,7,3844.0
11,31,47,100.0,9,4724.91
434,31,24,76.03,3,1824.72
435,31,27,98.84,4,2668.68
436,31,33,86.17,10,2843.61
15,31,35,90.39,9,3163.65
437,31,31,71.81,1,2226.11
438,31,25,82.79,4,2069.75
439,31,27,82.79,7,2235.33
19,31,31,100.0,9,3116.43
440,31,45,100.0,8,4781.7
64,31,27,100.0,2,2810.7
441,31,27,100.0,1,3515.67
442,31,42,69.27,2,2909.34
358,31,21,74.77,18,1570.17
443,31,34,76.88,15,2613.92
444,31,42,76.03,3,3193.26
445,31,15,98.84,4,1482.6
1,32,29,70.87,6,2055.23
56,32,46,58.15,4,2674.9
191,32,30,61.78,6,1853.4
432,32,30,49.67,10,1490.1
238,32,42,51.48,18,2162.16
433,32,46,61.18,5,2814.28
7,32,25,64.2,13,1605.0
446,32,32,65.42,5,2093.44
9,32,30,64.81,6,1944.3
447,32,40,49.67,3,1986.8
448,32,28,60.57,5,1695.96
60,32,23,55.72,2,1281.56
449,32,29,61.18,6,1774.22
436,32,34,58.75,6,1997.5
61,32,37,63.6,5,2353.2
450,32,20,49.06,10,981.2
451,32,32,48.46,2,1550.72
439,32,34,52.09,3,1771.06
452,32,42,52.7,5,2213.4
20,32,38,100.0,12,5266.04
64,32,30,62.16,1,1864.8
453,32,23,49.67,3,1142.41
442,32,22,53.3,4,1172.6
269,32,39,100.0,5,6981.0
67,32,55,55.72,2,3064.6
454,32,36,61.18,6,2202.48
406,33,26,100.0,1,3773.38
331,33,31,100.0,1,5074.39
296,33,34,100.0,2,6483.46
455,33,41,100.0,8,7956.46
298,33,23,100.0,5,4230.62
456,33,48,100.0,3,7209.12
300,33,22,100.0,7,3452.68
457,33,21,100.0,4,3047.73
302,33,22,100.0,8,3675.32
458,33,40,100.0,3,7492.4
459,33,50,100.0,1,9534.5
366,33,29,100.0,4,5579.02
306,33,43,100.0,8,5950.34
460,33,24,100.0,1,3726.0
308,33,22,100.0,10,4455.0
461,33,43,100.0,3,8272.34
186,33,20,100.0,14,3577.6
274,33,25,100.0,11,3881.25
46,33,36,100.0,2,5797.44
329,33,24,52.67,1,1264.08
48,33,21,100.0,6,4815.3
290,33,30,100.0,1,4462.2
371,33,32,94.79,7,3033.28
314,33,21,47.18,8,990.78
382,33,26,78.11,7,2030.86
462,33,35,100.0,1,5433.75
278,34,26,100.0,1,3157.44
332,34,46,100.0,3,5161.2
333,34,37,100.0,3,4346.76
334,34,27,100.0,10,3528.36
281,34,23,100.0,9,3187.8
335,34,39,100.0,7,6023.16
135,34,27,100.0,3,3884.76
262,34,38,100.0,8,4965.84
283,34,27,100.0,14,4169.88
221,34,40,100.0,7,4910.4
336,34,24,100.0,5,3231.36
463,34,44,100.0,12,6853.44
141,34,37,100.0,2,5177.04
224,34,20,100.0,3,2824.8
285,34,39,100.0,3,4324.32
144,34,44,100.0,1,5052.96
286,34,22,100.0,5,3223.44
464,34,43,100.0,10,5278.68
267,34,27,100.0,7,2851.2
380,34,26,64.9,10,1687.4
465,34,25,52.32,3,1308.0
381,34,49,100.0,2,6144.6
372,34,29,100.0,5,5127.2
401,34,41,100.0,12,6386.16
466,34,55,100.0,2,7695.6
414,35,27,83.07,12,2242.89
467,35,23,100.0,2,2539.89
180,35,31,90.17,12,2795.27
297,35,46,100.0,1,5545.76
112,35,47,91.18,9,4285.46
32,35,31,100.0,2,3329.09
181,35,46,100.0,5,5592.22
34,35,37,89.15,9,3298.55
323,35,28,93.21,1,2609.88
182,35,37,90.17,7,3336.29
37,35,49,100.0,4,5510.05
468,35,24,100.0,3,2504.4
306,35,30,100.0,1,3525.6
469,35,50,88.14,1,4407.0
470,35,31,96.24,10,2983.44
308,35,46,100.0,3,5126.24
121,35,47,100.0,12,5713.79
186,35,46,100.0,7,4613.8
274,35,37,100.0,4,3711.1
46,35,33,100.0,12,3524.73
275,35,31,90.17,5,2795.27
48,35,48,100.0,9,4814.4
49,35,41,87.13,6,3572.33
50,35,42,100.0,1,4581.36
127,35,41,100.0,8,4319.76
52,35,32,45.25,6,1448.0
471,35,10,88.14,1,881.4
414,36,35,57.46,14,2011.1
318,36,28,64.33,2,1801.24
110,36,46,73.7,14,3390.2
319,36,20,71.2,3,1424.0
472,36,30,49.97,11,1499.1
32,36,48,69.96,4,3358.08
322,36,28,53.72,2,1504.16
271,36,39,68.08,11,2655.12
323,36,24,51.84,3,1244.16
473,36,28,67.46,9,1888.88
304,36,31,58.71,6,1820.01
468,36,45,63.71,5,2866.95
324,36,24,58.09,3,1394.16
474,36,49,53.72,3,2632.28
475,36,32,63.08,1,2018.56
273,36,43,68.71,5,2954.53
425,36,37,50.59,14,1871.83
327,36,24,64.96,9,1559.04
328,36,35,53.72,6,1880.2
124,36,41,29.87,13,1224.67
329,36,26,100.0,17,2979.08
276,36,34,64.96,10,2208.64
49,36,49,70.58,5,3458.42
476,36,28,44.21,6,1237.88
189,36,40,68.08,4,2723.2
477,36,37,59.96,3,2218.52
471,36,31,53.72,3,1665.32
345,37,41,83.44,18,3421.04
478,37,21,89.46,9,1878.66
479,37,40,96.34,2,3853.6
85,37,46,74.84,13,3442.64
86,37,44,79.14,11,3482.16
87,37,46,73.12,7,3363.52
88,37,41,81.72,10,3350.52
480,37,32,89.46,7,2862.72
90,37,46,87.74,4,4036.04
481,37,28,100.0,6,2817.92
92,37,49,94.62,10,4636.38
93,37,21,73.98,1,1553.58
482,37,32,84.3,15,2697.6
95,37,34,98.06,2,3334.04
96,37,21,98.06,4,2059.26
483,37,21,96.34,13,2023.14
98,37,31,83.44,7,2586.64
484,37,21,94.62,15,1987.02
354,37,25,45.86,5,1146.5
485,37,28,82.58,3,2312.24
102,37,43,64.97,6,2793.71
357,37,22,86.74,5,1908.28
486,37,37,93.01,5,3441.37
443,37,28,72.26,18,2023.28
487,37,30,74.84,7,2245.2
488,37,44,73.98,1,3255.12
414,38,25,100.0,13,2539.5
295,38,43,100.0,1,4818.15
180,38,30,97.39,13,2921.7
319,38,20,90.06,2,1801.2
472,38,26,100.0,10,2804.36
32,38,40,100.0,3,4900.8
322,38,31,89.01,1,2759.31
271,38,22,100.0,10,2488.2
323,38,23,100.0,2,2769.89
182,38,30,100.0,8,3581.4
37,38,49,100.0,5,5285.14
38,38,31,100.0,4,3181.53
306,38,29,100.0,2,3340.51
469,38,37,84.82,2,3138.34
41,38,38,100.0,11,4775.08
308,38,29,100.0,4,3006.43
425,38,23,100.0,13,2866.26
327,38,26,85.87,8,2232.62
274,38,38,100.0,5,4457.02
124,38,48,47.04,7,2257.92
329,38,40,39.8,18,1592.0
48,38,45,100.0,11,4948.2
49,38,44,100.0,4,5160.76
476,38,21,94.22,5,1978.62
127,38,35,100.0,5,4288.2
477,38,29,86.92,2,2520.68
471,38,21,84.82,2,1781.22
227,39,22,100.0,11,3065.04
154,39,26,100.0,5,3551.34
489,39,41,100.0,2,5544.02
199,39,47,100.0,8,6034.33
157,39,31,100.0,7,3641.57
490,39,43,100.0,2,6930.74
491,39,23,100.0,9,3675.63
160,39,28,100.0,9,3442.04
201,39,49,100.0,1,6893.81
492,39,24,100.0,9,2622.48
493,39,33,100.0,3,4417.38
494,39,22,100.0,6,3606.02
495,39,32,100.0,12,3802.56
95,39,40,100.0,13,5026.4
206,39,43,100.0,1,6695.53
496,39,24,100.0,4,2819.28
169,39,32,100.0,9,3759.04
497,39,20,100.0,1,2731.8
171,39,24,69.12,9,1658.88
210,39,48,100.0,12,5778.24
498,39,44,100.0,1,5191.12
213,39,28,100.0,3,3862.88
499,39,24,61.52,9,1476.48
233,39,33,100.0,2,5273.73
488,39,41,100.0,12,4872.03
198,40,23,100.0,13,4556.99
500,40,46,100.0,5,8257.0
501,40,48,100.0,4,8209.44
214,40,25,100.0,3,3598.5
403,40,22,100.0,15,3837.24
502,40,41,100.0,3,8331.61
384,40,34,100.0,9,4836.5
334,40,32,100.0,14,5418.88
251,40,21,100.0,7,3734.01
217,40,20,100.0,1,3996.4
158,40,47,100.0,16,8754.69
282,40,39,100.0,3,5481.45
114,40,29,100.0,5,4419.89
135,40,45,100.0,7,6324.75
252,40,28,100.0,10,4409.72
262,40,26,100.0,12,3918.46
503,40,50,100.0,10,7620.5
504,40,48,100.0,1,8291.04
116,40,25,100.0,11,3937.25
221,40,40,100.0,11,5554.4
139,40,43,100.0,2,6407.86
118,40,22,100.0,5,4172.52
505,40,47,100.0,1,7083.37
506,40,36,100.0,9,7132.68
141,40,40,100.0,6,6773.6
119,40,27,100.0,8,3657.69
264,40,29,100.0,7,4812.55
256,40,20,100.0,9,3928.6
285,40,42,100.0,7,6401.22
257,40,25,100.0,5,4191.25
144,40,36,100.0,5,5852.52
258,40,21,100.0,12,2844.87
286,40,23,100.0,9,4011.66
507,40,37,100.0,9,7455.87
508,40,48,100.0,3,8940.96
123,40,25,100.0,3,4572.25
287,40,33,100.0,11,5700.09
509,40,27,100.0,12,3155.49
288,40,27,100.0,11,4170.69
427,40,20,100.0,3,2878.8
289,40,30,100.0,4,5029.5
510,40,48,100.0,6,7396.8
212,40,32,93.49,12,2991.68
381,40,34,100.0,1,6275.72
126,40,27,56.85,9,1534.95
511,40,39,100.0,3,7264.53
405,40,47,100.0,6,6869.05
512,40,22,100.0,5,3353.02
270,40,55,100.0,1,8289.05
513,40,60,100.0,9,11887.8
247,40,35,100.0,6,5926.9
128,40,28,100.0,8,3793.16
227,41,38,100.0,13,4330.1
514,41,21,95.8,7,2011.8
489,41,41,100.0,4,4837.18
515,41,22,97.81,10,2151.82
516,41,29,88.74,9,2573.46
200,41,50,100.0,1,5344.5
491,41,29,100.0,11,3070.52
160,41,49,80.67,11,3952.83
201,41,35,100.0,3,3564.75
202,41,48,100.0,11,5614.56
517,41,23,80.67,5,1855.41
494,41,48,95.8,8,4598.4
495,41,42,100.0,14,5082.42
95,41,47,100.0,15,5450.59
206,41,36,100.0,3,4174.92
496,41,22,100.0,6,2418.24
169,41,40,91.76,11,3670.4
497,41,23,100.0,3,2481.7
518,41,32,100.0,6,3807.68
172,41,21,100.0,7,2230.41
498,41,41,93.04,2,3814.64
519,41,25,84.71,5,2117.75
405,41,26,100.0,12,3340.48
520,41,24,89.75,4,2154.0
488,41,48,100.0,14,5808.48
521,42,26,68.35,9,1777.1
235,42,21,73.17,13,1536.57
215,42,45,78.0,10,3510.0
216,42,36,86.04,10,3097.44
238,42,21,81.21,5,1705.41
239,42,32,70.76,5,2264.32
219,42,30,82.82,17,2484.6
136,42,36,94.88,6,3415.68
220,42,33,86.04,11,2839.32
241,42,35,78.0,5,2730.0
139,42,37,95.69,12,3540.53
242,42,41,73.17,6,2999.97
522,42,20,76.39,2,1527.8
523,42,45,86.84,2,3907.8
524,42,38,69.96,6,2658.48
144,42,43,70.76,15,3042.68
145,42,49,78.8,8,3861.2
266,42,27,80.41,13,2171.07
197,42,46,73.98,1,3403.08
148,42,38,59.1,10,2245.8
525,42,25,66.74,5,1668.5
150,42,46,60.3,10,2773.8
343,42,22,100.0,4,2464.0
292,42,40,100.0,9,5491.6
27,43,46,100.0,16,4791.82
295,43,39,100.0,4,4178.85
110,43,38,82.34,16,3128.92
297,43,30,100.0,5,3095.4
298,43,42,94.25,2,3958.5
32,43,43,100.0,6,4991.44
322,43,29,95.24,4,2761.96
301,43,33,86.31,1,2848.23
323,43,32,79.37,5,2539.84
473,43,28,87.3,11,2444.4
37,43,41,100.0,8,4555.92
366,43,33,100.0,1,3666.96
306,43,36,84.33,5,3035.88
474,43,26,89.29,5,2321.54
308,43,34,100.0,7,3474.46
526,43,26,96.23,2,2501.98
186,43,38,100.0,11,3958.46
274,43,33,100.0,8,3535.95
527,43,33,91.27,2,3011.91
528,43,46,100.0,2,11336.7
276,43,26,100.0,12,2656.94
428,43,25,100.0,3,2604.25
50,43,45,73.08,4,3288.6
529,43,50,100.0,7,8935.5
530,43,36,100.0,1,4035.96
471,43,21,89.29,5,1875.09
129,44,29,100.0,8,4049.56
235,44,21,100.0,12,2469.39
215,44,42,100.0,9,5432.7
216,44,37,100.0,9,4405.22
5,44,25,100.0,4,3638.0
134,44,36,100.0,4,4444.92
135,44,22,100.0,16,3395.48
136,44,23,100.0,5,3414.58
137,44,32,100.0,10,5127.04
10,44,28,100.0,4,3745.28
139,44,27,100.0,11,4564.08
140,44,49,100.0,5,6554.24
531,44,41,100.0,1,6749.83
532,44,49,100.0,1,8427.02
196,44,30,100.0,5,3924.6
144,44,40,100.0,14,6761.6
145,44,23,100.0,7,3786.49
146,44,49,100.0,12,6266.12
147,44,25,100.0,5,3491.0
533,44,37,100.0,3,4405.22
289,44,55,100.0,7,6548.3
534,44,23,100.0,7,3177.91
225,44,24,100.0,11,4142.64
535,44,43,96.49,10,4149.07
536,44,50,100.0,1,7397.0
278,45,47,100.0,2,6241.6
332,45,34,100.0,4,5331.88
333,45,31,100.0,4,5124.3
334,45,28,100.0,11,3639.44
281,45,36,100.0,10,5544.0
335,45,48,100.0,8,5493.12
135,45,39,100.0,4,5785.26
262,45,45,100.0,9,5340.6
283,45,35,100.0,15,5735.8
221,45,45,100.0,8,6357.6
537,45,46,100.0,6,7343.9
284,45,37,100.0,1,5959.22
141,45,31,100.0,3,4029.38
264,45,33,100.0,4,5035.14
285,45,31,100.0,4,4116.8
144,45,27,100.0,2,4310.55
286,45,39,100.0,6,6446.7
464,45,32,100.0,11,3616.64
287,45,28,100.0,8,4232.76
380,45,26,67.91,12,1765.66
341,45,44,84.88,2,3734.72
371,45,46,100.0,6,4808.38
400,45,32,70.83,4,2266.56
293,45,65,100.0,1,10468.9
247,45,43,100.0,3,5589.14
521,46,43,67.77,12,2914.11
235,46,35,49.74,16,1740.9
236,46,45,50.36,13,2266.2
538,46,47,67.14,2,3155.58
238,46,21,64.66,8,1357.86
239,46,38,68.39,8,2598.82
7,46,21,50.36,3,1057.56
136,46,43,72.74,9,3127.82
241,46,46,54.09,8,2488.14
539,46,38,58.44,1,2220.72
12,46,26,52.22,1,1357.72
522,46,31,52.84,5,1638.04
540,46,48,54.71,3,2626.08
524,46,33,50.36,9,1661.88
541,46,38,57.2,1,2173.6
17,46,39,55.95,3,2182.05
266,46,42,67.14,16,2819.88
542,46,44,59.06,4,2598.64
543,46,29,69.63,2,2019.27
525,46,26,55.95,8,1454.7
544,46,31,53.47,1,1657.57
150,46,32,89.12,12,2851.84
535,46,28,100.0,9,4609.64
292,46,36,100.0,2,5079.96
25,46,36,52.22,1,1879.92
345,47,41,100.0,17,4774.86
478,47,27,99.52,8,2687.04
479,47,33,100.0,1,3423.75
85,47,34,100.0,12,3455.76
86,47,29,100.0,10,3622.97
87,47,34,100.0,6,3599.58
88,47,48,100.0,9,5386.56
89,47,46,100.0,6,4918.78
545,47,22,100.0,3,2538.8
481,47,20,100.0,5,2498.6
92,47,45,85.75,9,3858.75
546,47,46,100.0,5,5600.5
349,47,34,100.0,14,4103.46
95,47,50,85.75,1,4287.5
547,47,46,100.0,3,5795.54
483,47,22,84.7,12,1863.4
548,47,48,86.81,6,4166.88
99,47,47,86.81,14,4080.07
549,47,34,100.0,6,3815.48
355,47,45,100.0,2,5526.45
356,47,20,100.0,2,3374.6
104,47,50,60.49,6,3024.5
358,47,22,57.55,6,1266.1
359,47,45,100.0,17,4811.85
107,47,58,100.0,6,7307.42
550,47,51,100.0,5,6209.25
198,48,38,100.0,3,5348.5
514,48,22,100.0,12,2780.58
403,48,25,100.0,5,3447.0
199,48,24,100.0,15,3791.52
551,48,35,100.0,1,4524.1
200,48,28,100.0,6,3337.6
386,48,36,100.0,5,5532.12
160,48,39,100.0,16,5096.91
201,48,27,100.0,8,4537.08
116,48,40,100.0,1,6146.8
163,48,50,100.0,5,8258.0
204,48,42,100.0,3,7238.28
205,48,48,100.0,5,6756.0
166,48,25,100.0,5,3734.0
206,48,31,100.0,8,4674.8
552,48,44,100.0,2,7140.76
169,48,23,100.0,16,3600.65
208,48,29,100.0,8,4206.74
509,48,49,100.0,13,5379.71
553,48,36,100.0,3,5679.36
232,48,34,100.0,5,4394.84
212,48,25,100.0,13,2528.25
554,48,48,100.0,6,7031.52
405,48,38,100.0,1,5340.9
512,48,37,100.0,1,6376.58
234,48,49,100.0,5,6896.75
555,49,22,86.51,4,1903.22
394,49,28,89.27,8,2499.56
407,49,36,85.59,7,3081.24
334,49,34,100.0,1,3598.22
299,49,39,100.0,10,3912.09
322,49,21,75.46,14,1584.66
457,49,36,100.0,11,3942.72
323,49,24,97.55,15,2341.2
395,49,29,85.59,5,2482.11
556,49,38,94.79,1,3602.02
366,49,34,100.0,11,3566.94
463,49,42,90.19,3,3787.98
308,49,35,100.0,17,3704.05
339,49,35,80.99,6,2834.65
557,49,38,89.27,2,3392.26
464,49,41,81.91,1,3358.31
558,49,50,100.0,2,7310.0
398,49,21,100.0,4,2203.11
342,49,43,62.72,8,2696.96
412,49,32,100.0,1,3376.64
559,49,6,90.19,3,541.14
373,49,66,92.95,6,6134.7
227,50,41,82.5,10,3382.5
514,50,23,97.42,4,2240.66
489,50,43,92.16,1,3962.88
515,50,24,70.22,7,1685.28
516,50,22,83.38,6,1834.36
560,50,26,73.73,1,1916.98
561,50,35,74.6,8,2611.0
160,50,47,77.24,8,3630.28
90,50,50,100.0,14,5090.5
202,50,45,87.77,8,3949.65
493,50,39,89.53,2,3491.67
562,50,23,89.53,5,2059.19
495,50,42,75.48,11,3170.16
563,50,20,89.53,9,1790.6
564,50,33,71.09,12,2345.97
547,50,34,100.0,14,3580.88
207,50,49,100.0,3,4946.06
169,50,39,90.4,8,3525.6
565,50,36,100.0,7,3602.16
518,50,50,86.01,5,4300.5
553,50,29,100.0,2,4498.19
498,50,30,100.0,3,3023.1
213,50,41,86.89,7,3562.49
499,50,28,58.58,7,1640.24
233,50,45,100.0,5,4739.4
108,50,16,75.48,11,1207.68
27,51,36,100.0,5,4228.2
109,51,41,100.0,9,4815.45
29,51,50,100.0,5,7083.0
111,51,40,100.0,5,4601.2
112,51,49,100.0,2,6467.02
113,51,45,100.0,3,5012.55
114,51,47,100.0,10,5121.59
271,51,21,100.0,2,2441.04
115,51,32,100.0,5,4262.08
116,51,47,100.0,16,6658.02
566,51,38,100.0,5,4509.08
118,51,41,100.0,10,4716.23
567,51,21,100.0,3,2390.22
119,51,41,100.0,13,4666.62
41,51,38,100.0,3,5383.08
185,51,25,99.29,10,2482.25
121,51,48,100.0,5,5288.64
426,51,22,99.29,14,2184.38
187,51,28,100.0,8,2881.76
527,51,47,100.0,1,6203.06
125,51,49,100.0,4,6763.47
48,51,45,100.0,4,5884.65
49,51,28,100.0,2,3559.64
126,51,29,57.53,6,1668.37
176,51,39,100.0,1,4890.6
53,51,46,100.0,3,5235.72
128,51,38,100.0,13,4325.16
414,52,41,47.29,9,1938.89
568,52,50,49.81,3,2490.5
180,52,43,53.83,9,2314.69
415,52,29,43.27,9,1254.83
472,52,30,42.76,6,1282.8
569,52,25,53.83,7,1345.75
570,52,49,44.78,2,2194.22
271,52,40,49.3,6,1972.0
272,52,41,44.78,9,1835.98
473,52,21,53.33,4,1119.93
304,52,46,45.28,1,2082.88
422,52,39,40.25,14,1569.75
567,52,45,59.87,7,2694.15
571,52,21,59.87,4,1257.27
470,52,44,58.36,7,2567.84
185,52,44,59.87,14,2634.28
425,52,29,51.82,9,1502.78
327,52,34,49.3,4,1676.2
328,52,39,56.85,1,2217.15
509,52,38,100.0,6,6832.02
275,52,24,79.86,8,1916.64
572,52,29,100.0,6,7110.8
573,52,30,100.0,8,5302.8
126,52,20,100.0,2,2730.0
529,52,39,100.0,2,7827.3
574,52,35,59.87,7,2095.45
575,52,26,59.87,4,1556.62
129,53,44,100.0,11,5565.12
214,53,28,100.0,15,3583.16
215,53,31,100.0,12,4705.18
538,53,29,100.0,1,4444.54
5,53,32,100.0,7,4618.88
134,53,33,100.0,7,4910.4
57,53,44,100.0,2,5565.12
136,53,32,100.0,8,4237.76
10,53,41,100.0,7,5673.58
139,53,35,100.0,14,5260.15
140,53,44,100.0,8,6350.96
531,53,26,100.0,4,3559.4
540,53,20,100.0,2,2410.6
196,53,48,100.0,8,5713.92
144,53,34,100.0,17,4300.32
576,53,49,100.0,2,7947.31
146,53,40,100.0,15,5356.8
577,53,45,100.0,3,7901.1
533,53,50,100.0,4,6101.0
289,53,38,100.0,11,6276.46
534,53,25,100.0,2,4203.5
150,53,28,58.18,13,1629.04
535,53,49,67.14,8,3289.86
292,53,49,100.0,3,6862.94
394,54,42,61.29,9,2574.18
363,54,23,57.73,8,1327.79
280,54,29,81.25,2,2356.25
578,54,25,80.54,1,2013.5
322,54,39,71.98,15,2807.22
457,54,44,69.84,12,3072.96
323,54,25,76.26,16,1906.5
283,54,45,76.26,6,3431.7
579,54,25,83.39,2,2084.75
305,54,37,57.73,12,2136.01
337,54,30,66.99,4,2009.7
580,54,36,75.55,1,2719.8
581,54,26,60.58,1,1575.08
339,54,23,73.41,7,1688.43
582,54,23,72.7,3,1672.1
340,54,25,66.99,2,1674.75
310,54,21,100.0,3,3472.98
398,54,26,63.43,5,1649.18
371,54,44,85.25,9,3751.0
412,54,24,100.0,2,4536.0
401,54,66,66.99,4,4421.34
402,54,36,57.73,7,2078.28
331,55,36,85.25,13,3069.0
363,55,22,77.9,12,1713.8
280,55,25,60.26,6,1506.5
578,55,37,72.76,5,2692.12
583,55,32,75.69,3,2422.08
457,55,47,74.22,16,3488.34
584,55,37,69.82,4,2583.34
395,55,20,62.47,10,1249.4
221,55,41,82.31,3,3374.71
585,55,21,60.26,1,1265.46
337,55,22,76.43,8,1681.46
586,55,40,80.1,5,3204.0
581,55,32,74.96,5,2398.72
339,55,36,66.14,11,2381.04
587,55,27,72.02,1,1944.54
340,55,26,87.45,6,2273.7
267,55,30,70.55,3,2116.5
329,55,23,56.84,4,1307.32
398,55,29,59.53,7,1726.37
342,55,21,60.37,10,1267.77
412,55,34,100.0,3,3441.82
559,55,26,76.43,8,1987.18
373,55,60,64.67,11,3880.2
588,56,35,55.49,6,1942.15
248,56,47,69.36,2,3259.92
249,56,20,60.69,8,1213.8
250,56,20,54.33,2,1086.6
589,56,25,65.31,4,1632.75
417,56,25,69.36,9,1734.0
590,56,27,68.78,8,1857.06
419,56,31,60.11,3,1863.41
591,56,44,66.47,3,2924.68
420,56,49,46.82,4,2294.18
592,56,26,56.07,8,1457.82
593,56,36,54.33,6,1955.88
404,56,44,52.6,2,2314.4
423,56,28,46.82,1,1310.96
424,56,45,64.74,2,2913.3
594,56,29,46.82,11,1357.78
258,56,40,53.75,5,2150.0
426,56,45,61.85,2,2783.25
497,56,44,53.18,11,2339.92
209,56,25,69.16,14,1729.0
210,56,45,100.0,4,5972.4
595,56,48,47.4,4,2275.2
212,56,44,60.76,14,2673.44
259,56,25,97.27,12,2431.75
499,56,22,91.76,2,2018.72
596,56,31,50.29,2,1558.99
429,56,21,52.6,2,1104.6
430,56,55,46.82,1,2575.1
1,57,25,100.0,3,2845.75
597,57,35,98.05,1,3431.75
3,57,35,93.54,3,3273.9
4,57,43,95.8,7,4119.4
5,57,44,100.0,15,5355.68
6,57,50,100.0,2,5747.5
57,57,48,100.0,10,5355.36
446,57,25,100.0,2,2535.75
58,57,39,100.0,3,4351.23
241,57,25,90.16,15,2254.0
448,57,32,91.29,2,2921.28
12,57,20,100.0,8,2299.0
449,57,26,100.0,3,2637.18
14,57,42,100.0,3,4307.52
61,57,21,100.0,2,2153.76
16,57,34,100.0,7,3716.88
78,57,47,100.0,10,5455.76
598,57,21,100.0,6,2650.62
19,57,48,100.0,2,6437.28
148,57,30,87.78,7,2633.4
64,57,27,84.39,10,2278.53
80,57,50,96.92,2,4846.0
65,57,38,100.0,6,4197.1
269,57,45,100.0,1,4597.65
599,57,46,100.0,8,5287.7
68,57,35,100.0,3,3550.05
394,58,29,59.37,15,1721.73
600,58,50,59.87,1,2993.5
601,58,26,49.81,1,1295.06
280,58,47,56.85,8,2671.95
578,58,23,53.33,7,1226.59
583,58,34,42.76,5,1453.84
219,58,34,53.83,1,1830.22
584,58,47,53.83,6,2530.01
395,58,45,49.81,12,2241.45
375,58,45,53.33,5,2399.85
585,58,36,43.27,3,1557.72
337,58,21,40.25,10,845.25
224,58,28,48.3,1,1352.4
338,58,35,45.28,1,1584.8
339,58,50,52.32,13,2616.0
587,58,22,51.32,3,1129.04
340,58,45,49.3,8,2218.5
267,58,48,42.26,5,2028.48
329,58,20,87.96,5,1759.2
465,58,27,36.21,6,977.67
342,58,38,38.5,11,1463.0
372,58,32,100.0,3,3970.56
559,58,64,40.25,10,2576.0
402,58,37,60.37,13,2233.69
602,59,28,88.63,4,2481.64
597,59,39,100.0,10,4651.53
431,59,41,94.1,5,3858.1
4,59,40,87.54,16,3501.6
6,59,49,100.0,11,6433.7
447,59,27,98.48,9,2658.96
11,59,34,100.0,11,3608.76
434,59,23,96.29,5,2214.67
435,59,31,88.63,6,2747.53
349,59,34,97.38,1,3310.92
61,59,25,95.2,11,2380.0
437,59,22,100.0,3,2310.88
603,59,32,100.0,6,4061.76
63,59,31,100.0,9,3493.7
484,59,25,100.0,1,2872.25
549,59,47,87.54,14,4114.38
64,59,21,50.65,7,1063.65
604,59,28,71.73,2,2008.44
65,59,46,94.1,3,4328.6
358,59,33,41.71,11,1376.43
359,59,43,100.0,16,5552.16
444,59,38,96.29,5,3659.02
361,59,47,88.63,6,4165.61
605,60,45,31.2,3,1404.0
394,60,20,35.51,3,710.2
363,60,45,37.84,2,1702.8
320,60,36,33.19,7,1194.84
321,60,37,27.22,5,1007.14
322,60,31,31.53,9,977.43
301,60,39,36.84,6,1436.76
323,60,26,29.21,10,759.46
606,60,32,37.17,5,1189.44
396,60,20,34.19,3,683.8
305,60,42,29.21,6,1226.82
607,60,33,29.54,1,974.82
273,60,20,28.88,12,577.6
339,60,29,38.17,1,1106.93
327,60,23,30.2,16,694.6
328,60,39,29.54,13,1152.06
124,60,20,100.0,3,2624.0
310,60,45,81.91,6,3685.95
398,60,20,35.18,6,703.6
608,60,48,100.0,5,9720.0
342,60,23,36.29,13,834.67
314,60,32,70.56,4,2257.92
609,60,33,100.0,8,8344.71
413,60,61,29.54,1,1801.94
402,60,45,26.88,1,1209.6
55,61,38,83.03,7,3155.14
56,61,34,83.79,5,2848.86
3,61,43,83.03,7,3570.29
4,61,47,83.03,11,3902.41
610,61,22,67.03,1,1474.66
433,61,29,75.41,6,2186.89
7,61,28,68.55,14,1919.4
8,61,40,91.4,6,3656.0
9,61,25,73.88,7,1847.0
447,61,30,61.7,4,1851.0
448,61,38,69.31,6,2633.78
611,61,36,87.6,3,3153.6
435,61,32,87.6,1,2803.2
436,61,37,62.46,7,2311.02
61,61,30,79.98,6,2399.4
450,61,39,70.08,11,2733.12
438,61,32,65.51,1,2096.32
439,61,47,63.22,4,2971.34
452,61,26,86.83,6,2257.58
20,61,37,94.43,4,3493.91
612,61,55,79.98,8,4398.9
225,61,21,100.0,8,3595.62
23,61,23,100.0,9,2443.29
269,61,49,81.4,2,3988.6
67,61,59,87.6,3,5168.4
445,61,32,87.6,1,2803.2
227,62,43,100.0,9,6341.21
154,62,41,100.0,3,5189.78
84,62,45,100.0,9,6027.75
199,62,33,100.0,6,3366.0
157,62,40,100.0,5,5456.4
87,62,33,100.0,16,3812.16
491,62,50,100.0,7,6083.0
160,62,30,100.0,7,3170.7
90,62,41,100.0,13,4534.6
202,62,35,100.0,7,4301.15
493,62,49,100.0,1,6804.63
494,62,46,100.0,4,5652.94
495,62,48,100.0,10,6960.48
94,62,36,100.0,8,4512.6
564,62,22,100.0,11,2784.76
547,62,42,100.0,13,5316.36
496,62,21,100.0,2,2941.89
169,62,29,100.0,7,3207.4
565,62,35,100.0,6,4215.05
518,62,41,100.0,4,4333.29
101,62,29,71.97,4,2087.13
102,62,34,50.33,7,1711.22
213,62,37,100.0,8,3910.53
613,62,28,80.54,3,2255.12
233,62,49,100.0,6,5720.75
488,62,23,100.0,10,3335.23
605,63,46,53.76,2,2472.96
394,63,39,44.35,2,1729.65
363,63,22,45.25,1,995.5
320,63,49,49.28,6,2414.72
321,63,43,36.29,4,1560.47
322,63,27,41.22,8,1112.94
301,63,31,36.74,5,1138.94
323,63,20,50.62,9,1012.4
606,63,24,38.08,4,913.92
396,63,49,47.94,2,2349.06
305,63,24,48.38,5,1161.12
324,63,39,45.25,9,1764.75
614,63,37,45.7,2,1690.9
273,63,45,47.49,11,2137.05
326,63,45,48.38,4,2177.1
327,63,44,39.42,15,1734.48
328,63,23,37.63,12,865.49
46,63,30,100.0,4,3500.1
329,63,26,85.52,10,2223.52
615,63,43,53.76,1,2311.68
312,63,26,31.86,7,828.36
342,63,28,30.59,12,856.52
314,63,27,68.35,5,1845.45
315,63,24,100.0,1,4042.08
616,63,40,45.7,2,1828.0
27,64,36,100.0,1,3680.28
617,64,21,100.0,5,2925.09
110,64,27,100.0,1,3415.77
111,64,47,100.0,1,5105.14
251,64,42,100.0,8,5098.8
200,64,32,100.0,17,4661.76
418,64,28,100.0,6,2969.96
252,64,24,100.0,11,3496.32
115,64,49,100.0,1,5760.93
116,64,46,100.0,12,6819.04
566,64,28,100.0,1,3148.88
118,64,48,100.0,6,5704.32
255,64,29,100.0,10,3520.6
119,64,47,100.0,9,5285.62
256,64,43,100.0,10,5605.05
185,64,25,100.0,6,2779.5
121,64,48,100.0,1,5398.08
122,64,24,100.0,10,3189.6
123,64,42,100.0,4,5581.8
509,64,31,100.0,2,3820.44
125,64,42,100.0,5,5528.04
211,64,37,100.0,1,5981.42
573,64,41,100.0,7,5684.65
175,64,20,100.0,5,3449.4
260,64,20,100.0,3,2654.4
513,64,70,100.0,10,8498.0
128,64,49,100.0,9,5510.54
521,65,35,58.87,15,2060.45
2,65,32,76.88,2,2460.16
236,65,29,61.64,16,1787.56
432,65,27,60.95,3,1645.65
238,65,27,80.34,11,2169.18
239,65,38,74.11,11,2816.18
7,65,35,72.03,6,2521.05
618,65,42,76.19,3,3199.98
241,65,21,63.72,11,1338.12
539,65,37,80.34,4,2972.58
12,65,26,79.65,4,2070.9
531,65,47,65.8,8,3092.6
540,65,37,65.1,6,2408.7
196,65,46,75.49,12,3472.54
450,65,38,59.56,3,2263.28
17,65,33,66.49,6,2194.17
598,65,24,56.1,2,1346.4
542,65,31,81.73,7,2533.63
533,65,42,81.03,1,3403.26
149,65,32,100.0,6,3307.2
544,65,41,70.65,3,2896.65
150,65,43,61.23,14,2632.89
23,65,20,100.0,14,2046.0
382,65,35,65.13,4,2279.55
25,65,27,79.65,4,2150.55
331,66,43,78.15,11,3360.45
363,66,32,72.7,10,2326.4
280,66,21,73.6,4,1545.6
578,66,20,100.0,3,2144.6
583,66,22,74.51,1,1639.22
301,66,36,73.6,14,2649.6
262,66,46,83.6,2,3845.6
283,66,47,96.32,8,4527.04
221,66,45,88.14,1,3966.3
366,66,47,88.14,14,4142.58
463,66,47,94.5,6,4441.5
586,66,38,87.24,3,3315.12
619,66,49,79.97,3,3918.53
339,66,35,80.87,9,2830.45
557,66,49,100.0,5,5298.86
340,66,28,93.6,4,2620.8
267,66,30,72.7,1,2181.0
310,66,39,86.72,7,3382.08
311,66,25,100.0,1,2876.75
620,66,40,100.0,2,4107.2
314,66,36,37.5,6,1350.0
344,66,76,94.5,6,7182.0
373,66,39,100.0,9,3933.93
588,67,44,39.6,10,1742.4
617,67,24,30.06,1,721.44
249,67,39,38.19,12,1489.41
250,67,21,42.43,6,891.03
416,67,30,40.31,4,1209.3
417,67,27,31.82,13,859.14
418,67,37,31.12,2,1151.44
419,67,42,31.82,7,1336.44
591,67,32,28.29,7,905.28
420,67,42,29.7,8,1247.4
621,67,21,40.31,3,846.51
422,67,33,32.88,2,1085.04
404,67,49,36.07,6,1767.43
423,67,31,33.24,5,1030.44
424,67,38,41.72,6,1585.36
185,67,20,40.66,2,813.2
258,67,39,30.06,9,1172.34
426,67,48,31.47,6,1510.56
497,67,39,37.13,15,1448.07
509,67,30,100.0,9,3338.1
622,67,33,37.13,2,1225.29
595,67,36,37.13,3,1336.68
212,67,36,82.94,4,2985.84
175,67,45,100.0,8,5545.8
405,67,40,100.0,3,6089.6
596,67,46,38.9,6,1789.4
429,67,30,36.07,6,1082.1
430,67,31,33.24,5,1030.44
345,68,49,74.68,13,3659.32
478,68,41,59.6,4,2443.6
346,68,35,67.14,5,2349.9
623,68,27,60.97,8,1646.19
624,68,23,72.62,6,1670.26
625,68,21,69.88,2,1467.48
626,68,34,80.84,5,2748.56
480,68,22,69.2,2,1522.4
627,68,48,67.82,5,3255.36
91,68,43,82.21,1,3535.03
628,68,32,81.53,5,2608.96
629,68,20,67.82,1,1356.4
482,68,24,67.14,10,1611.36
630,68,40,65.08,2,2603.2
437,68,30,73.99,12,2219.7
483,68,21,71.25,8,1496.25
98,68,25,75.36,2,1884.0
484,68,34,63.71,10,2166.14
631,68,48,58.92,1,2828.16
632,68,55,100.0,12,6214.45
633,68,25,74.68,5,1867.0
357,68,38,70.44,7,2676.72
358,68,39,55.96,1,2182.44
443,68,28,57.55,3,1611.4
487,68,24,61.66,2,1479.84
634,68,21,67.82,1,1424.22
331,69,46,100.0,10,5942.28
363,69,25,93.95,9,2348.75
334,69,34,100.0,3,4392.12
578,69,25,100.0,2,2759.75
322,69,23,100.0,16,2728.03
301,69,20,100.0,13,2395.8
262,69,23,100.0,1,3052.33
283,69,42,100.0,7,4242.0
579,69,27,100.0,3,2790.45
366,69,33,100.0,13,4340.49
337,69,28,98.65,5,2762.2
586,69,43,100.0,2,4645.72
619,69,48,100.0,2,5580.96
368,69,48,100.0,8,6539.04
557,69,45,100.0,4,5548.95
464,69,43,100.0,3,4595.41
329,69,44,42.26,11,1859.44
311,69,24,87.24,5,2093.76
620,69,31,100.0,5,4223.13
314,69,44,36.29,7,1596.76
401,69,59,98.65,5,5820.35
373,69,55,96.3,8,5296.5
635,70,29,32.1,6,930.9
235,70,39,30.96,4,1207.44
236,70,20,35.87,1,717.4
237,70,25,42.67,1,1066.75
636,70,42,37.0,2,1554.0
637,70,36,35.49,4,1277.64
219,70,37,42.67,8,1578.79
584,70,30,30.59,13,917.7
220,70,21,37.0,2,777.0
375,70,34,43.42,12,1476.28
222,70,42,36.63,3,1538.46
263,70,20,44.56,2,891.2
223,70,40,42.67,7,1706.8
224,70,34,40.4,8,1373.6
338,70,31,38.89,8,1205.59
243,70,36,39.65,6,1427.4
587,70,48,34.36,10,1649.28
266,70,33,41.91,4,1383.03
267,70,37,33.23,12,1229.51
380,70,27,42.24,13,1140.48
525,70,39,40.4,9,1575.6
544,70,36,38.52,4,1386.72
371,70,36,100.0,2,5018.4
535,70,41,100.0,7,5856.85
292,70,37,100.0,5,4894.73
638,70,47,44.56,2,2094.32
153,70,15,42.67,7,640.05
227,71,44,72.58,4,3193.52
83,71,35,87.62,13,3066.7
84,71,41,94.71,4,3883.11
199,71,49,98.25,1,4814.25
639,71,31,91.17,2,2826.27
625,71,20,79.66,11,1593.2
491,71,45,72.58,2,3266.1
640,71,33,74.35,2,2453.55
90,71,47,83.2,8,3910.4
492,71,20,89.4,2,1788.0
92,71,47,70.81,14,3328.07
641,71,40,94.71,2,3788.4
495,71,30,100.0,5,3053.7
563,71,22,91.17,3,2005.74
564,71,27,100.0,6,2796.12
547,71,34,92.94,8,3159.96
97,71,46,84.97,3,3908.62
642,71,31,84.08,2,2606.48
643,71,24,86.74,1,2081.76
518,71,41,85.85,3,3519.85
644,71,55,100.0,13,10758.0
498,71,30,100.0,9,3021.0
357,71,33,57.32,12,1891.56
105,71,43,97.87,2,4208.41
520,71,27,83.2,7,2246.4
488,71,60,100.0,5,6107.4
394,72,27,73.62,12,1987.74
407,72,49,83.04,11,4068.96
280,72,31,73.62,5,2282.22
578,72,20,77.05,4,1541.0
583,72,24,81.33,2,1951.92
457,72,33,94.17,15,3107.61
584,72,32,72.77,3,2328.64
283,72,40,79.62,9,3184.8
375,72,27,79.62,2,2149.74
366,72,40,79.62,15,3184.8
337,72,26,81.33,7,2114.58
586,72,44,96.74,4,4256.56
581,72,33,71.06,4,2344.98
339,72,34,68.49,10,2328.66
557,72,48,74.48,6,3575.04
340,72,25,83.04,5,2076.0
287,72,39,84.75,2,3305.25
329,72,45,34.19,12,1538.55
645,72,24,100.0,2,3325.92
620,72,46,79.62,1,3662.52
412,72,44,79.06,9,3478.64
559,72,13,81.33,7,1057.29
373,72,35,96.74,10,3385.9
521,73,30,63.07,5,1892.1
235,73,34,50.21,9,1707.14
236,73,27,66.13,6,1785.51
237,73,30,68.58,6,2057.4
5,73,50,69.8,1,3490.0
239,73,34,50.21,1,1707.14
219,73,23,65.52,13,1506.96
240,73,48,60.01,2,2880.48
220,73,34,64.9,7,2206.6
241,73,48,48.98,1,2351.04
222,73,24,50.21,8,1205.04
242,73,47,62.45,2,2935.15
223,73,24,52.66,12,1263.84
224,73,47,62.45,13,2935.15
524,73,20,61.23,2,1224.6
243,73,20,67.97,11,1359.4
244,73,31,58.78,4,1822.18
266,73,38,56.94,9,2163.72
245,73,26,61.23,2,1591.98
288,73,25,100.0,9,3078.5
525,73,48,62.45,10,2997.6
544,73,44,62.45,6,2747.8
150,73,21,100.0,15,2447.76
343,73,46,41.54,6,1910.84
382,73,46,52.84,6,2430.64
153,73,55,52.66,12,2896.3
602,74,31,52.6,14,1630.6
478,74,20,72.98,5,1459.6
346,74,29,59.18,6,1716.22
623,74,33,77.59,9,2560.47
624,74,34,55.89,7,1900.26
625,74,32,63.12,3,2019.84
626,74,27,73.64,6,1988.28
480,74,21,69.04,3,1449.84
646,74,27,71.67,6,1935.09
481,74,36,77.59,2,2793.24
92,74,43,70.35,6,3025.05
629,74,25,69.7,2,1742.5
349,74,46,70.35,11,3236.1
630,74,24,72.33,3,1735.92
437,74,39,71.67,13,2795.13
483,74,31,53.92,9,1671.52
98,74,22,71.67,3,1576.74
99,74,47,76.93,11,3615.71
631,74,20,72.98,2,1459.6
64,74,29,99.69,14,2891.01
633,74,38,68.38,4,2598.44
647,74,34,100.0,6,3871.92
104,74,46,66.0,11,3036.0
358,74,35,63.76,9,2231.6
443,74,34,71.67,13,2436.78
487,74,38,57.2,3,2173.6
634,74,18,69.7,2,1254.6
331,75,37,100.0,14,3724.42
407,75,43,100.0,13,5203.0
334,75,27,100.0,7,3469.5
281,75,30,100.0,6,3148.2
583,75,22,98.51,4,2167.22
457,75,49,100.0,17,6244.07
262,75,46,100.0,5,5566.0
283,75,48,91.02,11,4368.96
221,75,46,87.81,4,4039.26
336,75,48,92.09,2,4420.32
337,75,27,86.73,9,2341.71
586,75,43,100.0,6,5110.98
619,75,48,100.0,6,6168.0
368,75,41,100.0,12,4873.26
587,75,22,96.37,2,2120.14
464,75,46,92.09,7,4236.14
267,75,21,89.95,4,1888.95
329,75,31,37.18,13,1152.58
311,75,26,95.88,6,2492.88
648,75,20,99.58,4,1991.6
412,75,34,100.0,11,3953.18
401,75,43,86.73,9,3729.39
402,75,26,100.0,12,2617.16
227,76,50,79.67,1,3983.5
83,76,35,90.57,10,3169.95
84,76,50,77.99,1,3899.5
623,76,23,80.51,14,1851.73
624,76,37,67.93,12,2513.41
625,76,29,83.86,8,2431.94
626,76,21,72.12,11,1514.52
89,76,36,85.54,8,3079.44
545,76,22,86.38,5,1900.36
481,76,22,89.73,7,1974.06
92,76,46,80.51,11,3703.46
93,76,23,76.31,2,1755.13
349,76,49,87.21,16,4273.29
95,76,48,83.02,3,3984.96
96,76,33,72.96,5,2407.68
483,76,22,77.15,14,1697.3
98,76,22,91.41,8,2011.02
484,76,25,92.25,16,2306.25
649,76,20,92.25,2,1845.0
64,76,42,59.36,16,2493.12
102,76,25,60.34,10,1508.5
357,76,23,100.0,10,2394.3
650,76,37,85.54,2,3164.98
233,76,37,90.57,8,3351.09
360,76,42,72.96,8,3064.32
488,76,51,76.31,2,3891.81
129,77,40,100.0,1,5448.8
214,77,43,100.0,5,5494.97
215,77,47,100.0,2,6336.07
237,77,23,100.0,2,2906.97
217,77,35,100.0,3,4767.7
218,77,34,100.0,1,3819.56
135,77,25,100.0,9,3861.75
262,77,45,100.0,14,6319.35
137,77,47,100.0,3,6996.42
221,77,49,100.0,13,6949.67
139,77,40,100.0,4,4550.0
376,77,29,100.0,3,4479.63
141,77,39,100.0,8,5148.0
224,77,24,100.0,9,2932.08
285,77,25,100.0,9,3159.75
144,77,36,100.0,7,4297.32
379,77,50,100.0,11,7723.5
146,77,45,100.0,5,5497.65
287,77,26,100.0,13,4052.88
288,77,21,100.0,1,3135.93
289,77,42,100.0,6,5013.54
534,77,32,100.0,8,5302.72
150,77,31,94.58,1,2931.98
343,77,33,53.27,3,1757.91
292,77,45,100.0,8,6763.05
270,77,76,100.0,3,11739.7
466,77,70,100.0,8,9240.0
345,78,50,64.83,11,3241.5
478,78,28,70.29,2,1968.12
651,78,50,81.89,3,4094.5
623,78,28,66.19,6,1853.32
86,78,44,77.11,4,3392.84
433,78,27,73.02,18,1971.54
626,78,30,72.33,3,2169.9
646,78,43,66.19,3,2846.17
447,78,29,69.6,16,2018.4
628,78,48,56.64,3,2718.72
434,78,33,60.05,12,1981.65
652,78,40,75.06,13,3002.4
482,78,48,61.42,8,2948.16
15,78,41,81.89,18,3357.49
437,78,21,55.96,10,1175.16
483,78,32,71.65,6,2292.8
63,78,43,76.43,16,3286.49
484,78,30,77.79,8,2333.7
631,78,35,76.43,3,2675.05
632,78,45,96.92,11,4361.4
633,78,34,59.37,3,2018.58
647,78,26,100.0,7,3710.98
357,78,39,73.0,13,2847.0
486,78,41,73.32,12,3006.12
443,78,41,68.24,2,2797.84
444,78,64,60.05,12,3843.2
445,78,18,75.06,13,1351.08
555,79,49,34.47,1,1689.03
394,79,48,34.47,5,1654.56
363,79,46,33.23,4,1528.58
320,79,26,38.98,9,1013.48
321,79,37,38.98,7,1442.26
322,79,35,33.23,11,1163.05
301,79,23,42.26,8,971.98
323,79,22,41.03,12,902.66
395,79,39,33.23,2,1295.97
396,79,44,34.88,5,1534.72
305,79,27,43.9,8,1185.3
653,79,46,36.93,1,1698.78
273,79,33,41.85,14,1381.05
339,79,33,40.62,3,1340.46
397,79,24,40.21,1,965.04
328,79,31,35.29,15,1093.99
310,79,41,77.24,14,3166.84
311,79,22,97.44,4,2143.68
648,79,46,37.34,3,1717.64
412,79,43,95.03,12,4086.29
654,79,15,36.93,1,553.95
402,79,15,43.49,3,652.35
588,80,26,100.0,5,2921.62
248,80,44,100.0,1,5568.64
249,80,20,96.99,7,1939.8
384,80,40,94.62,1,3784.8
589,80,23,100.0,3,2802.09
417,80,24,99.36,8,2384.64
590,80,29,100.0,7,2915.66
252,80,49,100.0,2,5795.72
253,80,34,100.0,2,3699.88
420,80,28,100.0,3,2980.6
203,80,37,100.0,7,5032.74
655,80,45,100.0,5,4737.15
255,80,46,100.0,1,6311.2
256,80,22,100.0,1,3070.54
206,80,39,100.0,10,4797.39
391,80,27,100.0,4,3832.38
122,80,36,100.0,1,4641.48
208,80,38,100.0,10,4000.26
100,80,44,100.0,5,5325.76
210,80,31,100.0,5,4618.69
232,80,23,100.0,2,3182.97
103,80,22,100.0,7,2603.04
259,80,28,50.32,9,1408.96
499,80,21,93.91,4,1972.11
512,80,37,100.0,7,5207.75
261,80,31,100.0,1,4253.2
414,81,25,100.0,15,2873.0
318,81,26,86.68,3,2253.68
110,81,34,100.0,15,3576.12
297,81,29,100.0,4,3276.13
320,81,20,90.57,1,1811.4
32,81,42,91.55,5,3845.1
322,81,22,100.0,3,2571.14
34,81,47,100.0,12,5035.11
323,81,20,100.0,4,2279.0
182,81,33,97.39,10,3213.87
37,81,39,90.57,7,3532.23
38,81,33,100.0,6,3406.59
306,81,40,86.68,4,3467.2
469,81,46,78.89,4,3628.94
656,81,48,97.39,2,4674.72
273,81,21,78.89,6,1656.69
657,81,45,100.0,1,5171.4
186,81,33,100.0,10,3342.57
274,81,44,100.0,7,4884.88
509,81,33,100.0,3,6267.69
47,81,39,100.0,1,4424.16
173,81,39,50.31,2,1962.09
573,81,41,100.0,6,6847.0
50,81,40,86.92,3,3476.8
176,81,33,100.0,4,4592.61
471,81,28,78.89,4,2208.92
602,82,26,63.76,3,1657.76
56,82,29,85.49,9,2479.21
431,82,46,77.52,4,3565.92
432,82,33,84.77,15,2797.41
6,82,48,78.25,10,3756.0
447,82,40,71.0,8,2840.0
448,82,23,74.62,10,1716.26
658,82,40,81.14,4,3245.6
435,82,37,74.62,5,2760.94
436,82,24,75.35,11,1808.4
61,82,27,62.31,10,1682.37
437,82,21,71.0,2,1491.0
438,82,23,72.45,5,1666.35
63,82,44,83.32,8,3666.08
659,82,35,83.32,1,2916.2
631,82,43,60.86,4,2616.98
612,82,40,84.77,1,3390.8
441,82,35,89.9,3,3146.5
22,82,25,62.46,1,1561.5
660,82,43,100.0,2,10039.6
486,82,50,63.34,8,3167.0
359,82,45,78.25,14,3521.25
444,82,52,81.14,4,4219.28
361,82,48,74.62,5,3581.76
521,83,31,68.71,10,2130.01
235,83,29,71.14,14,2063.06
236,83,23,87.31,11,2008.13
237,83,31,64.67,11,2004.77
238,83,23,67.1,6,1543.3
239,83,24,94.58,6,2269.92
7,83,28,71.14,1,1991.92
240,83,44,66.29,7,2916.76
241,83,22,92.16,6,2027.52
139,83,46,70.33,13,3235.18
242,83,22,93.77,7,2062.94
531,83,38,87.31,3,3317.78
661,83,47,83.27,1,3913.69
196,83,48,75.18,7,3608.64
144,83,40,88.12,16,3524.8
17,83,32,80.84,1,2586.88
146,83,49,97.01,14,4753.49
197,83,43,85.69,2,3684.67
288,83,41,100.0,2,5715.4
341,83,30,100.0,1,3098.7
544,83,28,95.39,9,2670.92
225,83,43,100.0,9,5154.41
535,83,41,100.0,2,4894.17
382,83,30,82.42,10,2472.6
27,84,31,100.0,3,3224.31
109,84,32,100.0,7,3667.52
110,84,43,96.31,3,4141.33
415,84,26,100.0,3,2829.58
251,84,27,100.0,10,3068.55
569,84,24,100.0,1,2634.96
418,84,22,100.0,8,2436.72
252,84,46,100.0,13,4607.36
115,84,37,97.27,3,3598.99
116,84,49,80.9,14,3964.1
421,84,21,100.0,3,2244.9
422,84,25,100.0,8,2793.0
39,84,37,100.0,1,4133.64
119,84,45,86.68,11,3900.6
470,84,32,85.72,1,2743.04
185,84,29,82.83,8,2402.07
425,84,26,83.79,3,2178.54
122,84,28,100.0,12,3155.04
187,84,27,87.64,6,2366.28
209,84,20,98.18,11,1963.6
662,84,44,100.0,1,4746.28
211,84,42,100.0,3,6386.94
573,84,41,100.0,1,4428.0
175,84,26,100.0,1,4044.04
260,84,26,100.0,6,2708.42
574,84,26,100.0,1,2904.72
128,84,41,86.68,11,3553.88
1,85,20,92.9,8,1858.0
56,85,22,100.0,6,2461.36
663,85,23,100.0,1,2642.01
4,85,33,93.9,12,3098.7
6,85,28,100.0,7,3244.36
8,85,44,98.89,7,4351.16
59,85,46,79.91,5,3675.86
448,85,21,100.0,7,2475.27
658,85,41,100.0,1,4177.49
652,85,31,100.0,2,3282.28
436,85,31,79.91,8,2477.21
61,85,23,81.91,7,1883.93
16,85,37,98.89,12,3658.93
438,85,26,100.0,2,2856.88
439,85,24,79.91,5,1917.84
19,85,47,100.0,7,5305.36
148,85,45,63.91,11,2875.95
612,85,55,100.0,2,6482.85
441,85,46,81.17,5,3733.82
225,85,50,100.0,2,6576.5
151,85,37,100.0,3,6353.27
664,85,44,94.9,1,4175.6
444,85,49,100.0,1,4992.61
361,85,45,100.0,2,4764.6
521,86,27,43.45,13,1173.15
235,86,31,44.66,17,1384.46
236,86,33,40.23,14,1327.59
432,86,31,35.8,1,1109.8
238,86,35,35.4,9,1239.0
239,86,26,39.83,9,1035.58
7,86,34,45.46,4,1545.64
665,86,46,32.99,1,1517.54
241,86,41,42.24,9,1731.84
539,86,43,39.43,2,1695.49
12,86,26,40.23,2,1045.98
522,86,36,48.28,6,1738.08
540,86,20,32.59,4,651.8
524,86,27,36.61,10,988.47
450,86,37,41.03,1,1518.11
17,86,24,42.24,4,1013.76
266,86,36,43.05,17,1549.8
542,86,29,38.22,5,1108.38
288,86,28,100.0,3,4102.56
341,86,29,100.0,5,3713.16
544,86,38,39.83,10,1513.54
666,86,48,48.28,1,2317.44
535,86,40,82.46,1,3298.4
382,86,41,44.56,11,1826.96
25,86,30,40.23,2,1206.9
588,87,35,47.62,11,1666.7
617,87,28,55.73,2,1560.44
249,87,45,51.95,13,2337.75
250,87,24,45.99,7,1103.76
416,87,41,63.85,5,2617.85
417,87,48,45.99,14,2207.52
114,87,50,63.31,3,3165.5
419,87,33,62.77,8,2071.41
591,87,32,43.29,8,1385.28
420,87,27,60.06,9,1621.62
621,87,35,55.19,4,1931.65
422,87,23,54.11,3,1244.53
404,87,35,48.7,7,1704.5
423,87,40,43.83,6,1753.2
424,87,35,47.62,7,1666.7
185,87,31,55.19,3,1710.89
258,87,50,46.53,10,2326.5
426,87,40,57.9,7,2316.0
187,87,38,45.45,1,1727.1
667,87,38,100.0,3,8844.12
622,87,40,60.6,3,2424.0
595,87,33,46.53,1,1535.49
174,87,36,100.0,3,6358.68
259,87,20,66.47,2,1329.4
499,87,32,53.18,5,1701.76
596,87,36,62.77,3,2259.72
429,87,19,48.7,7,925.3
430,87,11,43.83,6,482.13
198,88,49,65.87,4,3227.63
668,88,27,63.38,1,1711.26
249,88,29,70.84,6,2054.36
199,88,42,74.57,16,3131.94
589,88,33,50.95,2,1681.35
417,88,44,53.44,7,2351.36
590,88,22,64.0,6,1408.0
419,88,48,50.95,1,2445.6
591,88,33,54.68,1,1804.44
420,88,45,56.55,2,2544.75
592,88,20,52.82,6,1056.4
593,88,46,60.9,4,2801.4
669,88,40,49.71,6,1988.4
670,88,45,64.63,6,2908.35
594,88,36,59.65,9,2147.4
258,88,31,67.73,3,2099.63
642,88,46,50.33,17,2315.18
497,88,35,66.49,9,2327.15
100,88,28,100.0,2,5377.4
172,88,31,84.71,9,2626.01
498,88,27,100.0,14,4406.4
174,88,22,100.0,1,4301.22
259,88,30,99.55,11,2986.5
499,88,44,36.07,8,1587.08
596,88,30,60.28,4,1808.4
671,88,24,49.71,6,1193.04
27,89,45,75.63,7,3403.35
568,89,23,68.52,1,1575.96
180,89,26,62.7,7,1630.2
415,89,28,60.76,7,1701.28
472,89,49,58.18,4,2850.82
569,89,49,54.94,5,2692.06
418,89,29,74.98,12,2174.42
34,89,49,64.64,4,3167.36
272,89,39,54.94,7,2142.66
473,89,36,58.82,2,2117.52
421,89,39,62.05,7,2419.95
422,89,30,73.04,12,2191.2
39,89,44,69.16,5,3043.04
571,89,20,61.41,2,1228.2
470,89,21,63.35,5,1330.35
185,89,36,77.57,12,2792.52
425,89,32,71.75,7,2296.0
327,89,36,73.04,2,2629.44
187,89,34,56.24,10,1912.16
392,89,48,100.0,4,8209.44
275,89,33,73.69,4,2431.77
211,89,31,100.0,5,3139.99
573,89,36,100.0,2,5669.64
277,89,25,100.0,3,3160.25
176,89,48,100.0,8,6799.68
574,89,27,69.16,5,1867.32
575,89,44,61.41,2,2702.04
602,90,33,72.92,5,2406.36
56,90,29,72.23,11,2094.67
663,90,49,57.1,6,2797.9
672,90,20,81.86,1,1637.2
433,90,31,73.61,12,2281.91
447,90,39,59.16,10,2307.24
448,90,20,66.04,12,1320.8
434,90,34,77.73,6,2642.82
652,90,50,61.22,7,3061.0
349,90,40,79.11,2,3164.4
61,90,28,63.97,12,1791.16
351,90,50,81.86,4,4093.0
438,90,28,79.8,7,2234.4
63,90,46,66.04,10,3037.84
484,90,24,59.16,2,1419.84
631,90,24,81.17,5,1948.08
673,90,39,59.16,3,2307.24
604,90,40,44.51,7,1780.4
647,90,49,72.33,2,3544.17
151,90,44,82.26,4,3619.44
24,90,35,100.0,8,3918.95
443,90,22,67.41,4,1483.02
444,90,62,77.73,6,4819.26
445,90,26,61.22,7,1591.72
129,91,31,100.0,16,3669.78
2,91,25,86.74,3,2168.5
236,91,30,89.8,17,2694.0
4,91,27,100.0,4,3251.34
238,91,23,100.0,12,2347.15
134,91,34,100.0,12,3920.88
7,91,22,100.0,7,2514.6
618,91,42,85.72,4,3600.24
10,91,37,100.0,12,4040.03
194,91,30,100.0,5,3336.9
195,91,27,100.0,5,3113.64
522,91,25,100.0,9,2832.0
661,91,34,97.97,7,3330.98
196,91,38,100.0,13,4304.64
450,91,26,100.0,4,2600.26
78,91,38,100.0,7,4382.16
18,91,50,84.7,3,4235.0
542,91,22,100.0,8,2626.8
288,91,32,100.0,4,5026.56
674,91,31,71.02,4,2201.62
534,91,40,100.0,5,4326.8
675,91,22,100.0,3,3425.18
151,91,41,100.0,15,4701.88
382,91,45,48.98,12,2204.1
599,91,45,100.0,5,5189.4
602,92,39,40.15,6,1565.85
56,92,49,50.62,12,2480.38
663,92,27,50.19,7,1355.13
623,92,34,36.66,1,1246.44
676,92,20,41.02,1,820.4
433,92,48,51.93,13,2492.64
677,92,29,38.4,1,1113.6
447,92,43,41.02,11,1763.86
448,92,41,46.26,13,1896.66
434,92,41,35.35,7,1449.35
435,92,36,51.93,8,1869.48
482,92,49,37.97,3,1860.53
61,92,38,45.39,13,1724.82
437,92,33,51.93,5,1713.69
483,92,26,48.44,1,1259.44
439,92,47,43.64,11,2051.08
484,92,34,47.57,3,1617.38
631,92,34,51.93,7,1765.62
673,92,40,50.62,4,2024.8
441,92,40,82.21,8,3288.4
22,92,33,82.59,3,2725.47
151,92,49,65.8,5,3224.2
24,92,27,100.0,1,3211.38
443,92,49,36.66,5,1796.34
678,92,56,35.35,7,1979.6
445,92,37,51.93,8,1921.41
198,93,33,100.0,7,3705.24
679,93,27,100.0,3,2843.91
403,93,46,100.0,9,6176.42
384,93,44,100.0,3,5500.44
251,93,26,100.0,1,3220.1
200,93,48,94.92,10,4556.16
386,93,23,100.0,9,3114.89
252,93,45,100.0,4,4948.2
253,93,49,100.0,4,5161.17
420,93,28,94.92,5,2657.76
203,93,37,100.0,9,3983.05
655,93,34,100.0,7,3974.94
404,93,22,100.0,3,2928.42
119,93,29,100.0,2,3054.57
256,93,34,98.39,3,3345.26
206,93,38,100.0,12,4310.72
391,93,41,100.0,6,4983.14
122,93,42,100.0,3,4618.32
208,93,28,100.0,12,3403.12
100,93,38,100.0,4,5190.42
210,93,23,100.0,8,3141.57
102,93,31,71.4,8,2213.4
174,93,46,100.0,2,4896.7
259,93,48,56.55,10,2714.4
405,93,29,100.0,13,3087.05
106,93,46,100.0,4,5692.96
261,93,26,100.0,3,3460.86
430,93,18,100.0,2,1895.94
588,94,32,53.31,2,1705.92
514,94,21,49.21,11,1033.41
403,94,46,69.12,4,3179.52
515,94,42,49.79,14,2091.18
516,94,31,57.41,13,1779.71
417,94,38,66.78,5,2537.64
590,94,38,64.44,4,2448.72
640,94,20,48.62,15,972.4
680,94,46,62.09,7,2856.14
492,94,30,65.61,15,1968.3
592,94,30,68.54,4,2056.2
593,94,43,52.14,2,2242.02
205,94,49,63.85,4,3128.65
670,94,43,56.82,4,2443.26
594,94,37,66.78,7,2470.86
258,94,35,55.07,1,1927.45
642,94,34,60.34,15,2051.56
497,94,38,61.51,7,2337.38
100,94,44,100.0,7,5932.96
101,94,21,100.0,6,2296.77
498,94,44,100.0,17,6490.88
103,94,25,64.93,4,1623.25
519,94,24,58.58,9,1405.92
499,94,38,60.06,10,2282.28
681,94,45,100.0,3,8977.05
234,94,51,63.85,4,3256.35
521,95,34,82.99,14,2821.66
682,95,44,74.85,1,3293.4
215,95,44,96.0,15,4224.0
4,95,38,81.36,2,3091.68
238,95,31,71.6,10,2219.6
134,95,48,80.55,10,3866.4
7,95,21,93.56,5,1964.76
665,95,40,66.72,2,2668.8
10,95,40,80.55,10,3222.0
194,95,50,77.29,3,3864.5
12,95,20,68.34,3,1366.8
531,95,48,72.41,7,3475.68
661,95,47,89.5,5,4206.5
524,95,21,70.78,11,1486.38
16,95,39,78.92,2,3077.88
78,95,44,80.55,5,3544.2
598,95,28,88.68,1,2483.04
197,95,45,77.29,6,3478.05
288,95,20,100.0,5,3657.8
149,95,38,100.0,3,4682.36
290,95,26,100.0,4,3937.7
675,95,44,100.0,2,4984.32
151,95,49,100.0,8,5406.66
292,95,22,100.0,13,3491.18
25,95,31,68.34,3,2118.54
683,96,41,70.67,5,2897.47
478,96,25,76.67,14,1916.75
684,96,31,60.0,5,1860.0
515,96,41,64.0,2,2624.0
516,96,43,64.67,1,2780.81
87,96,43,75.34,12,3239.62
561,96,24,76.0,3,1824.0
640,96,21,54.0,3,1134.0
545,96,23,64.67,9,1487.41
492,96,38,74.67,3,2837.46
628,96,31,62.67,15,1942.77
685,96,36,70.67,3,2544.12
93,96,36,71.34,6,2568.24
563,96,34,62.0,4,2108.0
564,96,21,65.34,7,1372.14
547,96,45,78.67,9,3540.15
686,96,26,75.34,4,1958.84
642,96,50,54.0,3,2700.0
643,96,41,62.0,2,2542.0
649,96,39,60.0,1,2340.0
64,96,22,100.0,5,2816.44
498,96,46,76.67,11,3526.82
104,96,44,100.0,14,4627.92
687,96,25,77.34,1,1933.5
520,96,39,66.67,1,2600.13
108,96,37,71.34,6,2639.58
345,97,31,100.0,7,3312.97
597,97,47,82.21,13,3863.87
663,97,24,77.64,8,1863.36
85,97,36,100.0,2,3945.96
688,97,48,100.0,2,4954.08
433,97,28,98.65,14,2762.2
689,97,48,83.12,2,3989.76
447,97,21,78.55,12,1649.55
448,97,25,100.0,14,2534.75
434,97,25,100.0,8,2580.25
435,97,31,91.34,9,2831.54
349,97,40,84.03,4,3361.2
61,97,32,89.51,14,2864.32
437,97,24,83.12,6,1994.88
352,97,42,100.0,2,4296.6
439,97,21,100.0,12,2224.95
484,97,34,82.21,4,2795.14
631,97,27,100.0,8,2762.1
673,97,30,88.6,5,2658.0
441,97,39,100.0,9,5043.87
22,97,20,60.54,4,1210.8
151,97,37,81.87,6,3029.19
690,97,46,100.0,2,10066.6
359,97,47,87.69,6,4121.43
678,97,11,100.0,8,1135.31
445,97,23,91.34,9,2100.82
683,98,29,70.15,12,2034.35
154,98,38,79.68,6,3027.84
489,98,32,97.0,3,3104.0
199,98,43,84.01,9,3612.43
516,98,31,87.48,8,2711.88
490,98,29,100.0,3,3013.97
561,98,31,88.34,10,2738.54
640,98,30,94.4,10,2832.0
201,98,50,94.4,2,4720.0
202,98,40,80.55,10,3222.0
517,98,23,97.0,4,2231.0
562,98,26,88.34,7,2296.84
495,98,40,100.0,13,4157.2
564,98,21,100.0,14,2146.2
206,98,43,86.61,2,3724.23
496,98,29,71.89,5,2084.81
169,98,38,91.81,10,3488.78
497,98,23,76.22,2,1753.06
440,98,20,100.0,7,3469.2
101,98,36,70.3,9,2530.8
102,98,28,100.0,4,2924.32
213,98,44,100.0,2,4496.8
105,98,49,100.0,1,6397.44
691,98,32,80.55,5,2577.6
488,98,34,100.0,13,3533.62
345,99,30,100.0,16,3177.3
478,99,29,94.14,7,2730.06
346,99,22,85.99,8,1891.78
623,99,26,100.0,11,2612.48
624,99,32,91.43,9,2925.76
625,99,29,100.0,5,2940.02
88,99,34,96.86,8,3293.24
480,99,24,99.57,5,2389.68
545,99,24,90.52,2,2172.48
481,99,33,88.71,4,2927.43
628,99,26,100.0,8,2659.54
546,99,40,95.95,4,3838.0
349,99,44,94.14,13,4142.16
630,99,24,90.52,5,2172.48
96,99,20,94.14,2,1882.8
352,99,34,100.0,11,3477.86
548,99,34,97.76,5,3323.84
99,99,45,93.24,13,4195.8
549,99,41,100.0,9,4156.58
632,99,55,71.25,15,3918.75
692,99,23,100.0,3,2352.67
22,99,24,45.39,14,1089.36
357,99,32,84.41,15,2701.12
358,99,29,85.76,13,2487.04
359,99,36,100.0,7,3910.32
360,99,46,87.8,5,4038.8
550,99,32,95.95,4,3070.4
345,100,34,100.0,9,3763.46
56,100,24,100.0,15,2584.8
651,100,40,100.0,1,4427.6
623,100,26,82.77,4,2152.02
624,100,20,100.0,2,2353.4
6,100,31,100.0,16,3431.39
626,100,22,87.75,1,1930.5
627,100,42,100.0,1,4774.56
447,100,26,99.72,14,2592.72
92,100,37,87.75,1,3246.75
658,100,38,88.75,10,3372.5
652,100,35,100.0,11,3909.15
482,100,33,90.75,6,2994.75
15,100,39,100.0,16,4472.52
351,100,45,100.0,8,4576.95
483,100,24,100.0,4,2441.04
63,100,35,88.75,14,3106.25
484,100,23,100.0,6,2706.41
549,100,37,100.0,10,4021.53
612,100,55,87.75,7,4826.25
693,100,49,100.0,2,4935.28
22,100,26,100.0,9,2754.7
151,100,33,100.0,1,3856.71
486,100,37,83.84,14,3102.08
443,100,22,86.76,8,1908.72
694,100,85,88.75,10,7543.75
445,100,22,100.0,11,2457.18
683,101,31,65.77,3,2038.87
478,101,38,65.77,12,2499.26
84,101,45,85.29,3,3838.05
623,101,31,85.29,16,2643.99
639,101,36,64.33,1,2315.88
87,101,46,70.11,10,3225.06
561,101,32,76.62,1,2451.84
640,101,39,57.82,1,2254.98
90,101,50,78.79,7,3939.5
202,101,46,74.45,1,3424.7
628,101,36,80.95,13,2914.2
685,101,29,82.4,1,2389.6
93,101,32,75.89,4,2428.48
94,101,44,68.67,2,3021.48
564,101,42,62.16,5,2610.72
547,101,47,65.77,7,3091.19
686,101,44,58.55,2,2576.2
169,101,43,75.17,1,3232.31
99,101,48,74.45,18,3573.6
354,101,21,96.31,1,2022.51
632,101,50,74.35,9,3717.5
102,101,29,75.35,12,2185.15
357,101,41,70.33,16,2883.53
486,101,37,100.0,10,5017.57
691,101,22,66.5,4,1463.0
108,101,31,75.89,4,2352.59
27,102,42,100.0,6,4460.82
109,102,42,100.0,10,4758.18
110,102,45,100.0,6,4597.2
111,102,36,100.0,6,4114.8
472,102,20,100.0,3,2104.0
113,102,39,81.93,4,3195.27
114,102,42,85.98,11,3611.16
271,102,23,86.99,3,2000.77
272,102,26,89.01,6,2314.26
182,102,33,100.0,1,3871.89
421,102,31,88.0,6,2728.0
118,102,50,100.0,11,5614.0
39,102,44,100.0,4,4628.8
184,102,45,80.92,1,3641.4
41,102,46,88.0,4,4048.0
185,102,27,85.98,11,2321.46
121,102,28,100.0,6,3256.96
186,102,40,100.0,1,4208.0
187,102,30,99.13,9,2973.9
509,102,34,100.0,5,4248.3
393,102,46,100.0,2,9558.8
173,102,32,82.83,7,2650.56
573,102,27,100.0,3,3761.37
175,102,34,100.0,3,4301.34
260,102,34,54.84,9,1864.56
53,102,34,100.0,4,3576.8
695,102,46,80.92,1,3722.32
345,103,32,100.0,1,3986.56
597,103,24,100.0,7,3417.12
663,103,27,99.67,2,2691.09
432,103,20,100.0,13,2752.6
6,103,36,100.0,8,4527.72
8,103,29,100.0,8,3957.05
447,103,25,100.0,6,2818.0
11,103,29,100.0,8,3199.86
434,103,25,96.11,2,2402.75
652,103,44,100.0,3,6055.72
14,103,47,100.0,9,5465.16
15,103,48,100.0,8,6378.72
16,103,45,100.0,13,5392.8
603,103,35,100.0,3,3986.5
63,103,31,100.0,6,4009.23
79,103,50,100.0,8,7119.0
549,103,33,100.0,11,4072.2
612,103,29,100.0,6,4094.51
441,103,48,68.8,4,3302.4
647,103,44,72.42,5,3186.48
23,103,25,66.73,10,1668.25
690,103,50,100.0,3,7154.5
443,103,23,100.0,9,2810.83
678,103,21,96.11,2,2018.31
361,103,41,100.0,3,5642.83
345,104,44,74.4,8,3273.6
597,104,43,76.0,14,3268.0
623,104,28,96.0,3,2688.0
86,104,43,86.4,1,3715.2
6,104,48,96.0,15,4608.0
689,104,38,82.4,3,3131.2
447,104,31,86.4,13,2678.4
448,104,26,67.2,15,1747.2
434,104,32,92.0,9,2944.0
435,104,44,67.2,10,2956.8
482,104,27,76.0,5,2052.0
15,104,43,73.6,15,3164.8
437,104,25,69.6,7,1740.0
483,104,22,80.8,3,1777.6
439,104,21,87.2,13,1831.2
99,104,48,75.2,5,3609.6
631,104,33,64.0,13,2112.0
149,104,34,100.0,5,3644.12
441,104,43,81.95,6,3523.85
647,104,44,100.0,10,5001.92
151,104,44,100.0,11,5208.72
486,104,32,94.34,17,3018.88
443,104,29,65.6,10,1902.4
694,104,77,92.0,9,7084.0
445,104,39,67.2,10,2620.8
227,105,39,81.14,6,3164.46
696,105,36,100.0,1,4219.2
84,105,42,91.15,6,3828.3
515,105,21,100.0,3,2334.99
157,105,50,88.15,2,4407.5
625,105,24,100.0,13,2812.8
491,105,44,92.16,4,4055.04
160,105,37,100.0,4,3891.66
545,105,27,92.16,10,2488.32
202,105,37,100.0,4,4447.4
92,105,38,100.0,16,4187.22
494,105,48,96.16,1,4615.68
495,105,30,100.0,7,3245.4
563,105,25,88.15,5,2203.75
95,105,40,86.15,8,3446.0
96,105,22,88.15,10,1939.3
97,105,34,100.0,5,3473.78
642,105,32,90.15,4,2884.8
643,105,31,86.15,3,2670.65
440,105,43,80.0,2,3440.0
101,105,31,89.38,1,2770.78
102,105,31,77.34,13,2397.54
104,105,34,96.34,2,3275.56
486,105,45,92.08,2,4143.6
697,105,48,100.0,3,5192.64
488,105,28,100.0,7,3029.04
683,106,22,100.0,7,2556.18
154,106,45,83.42,1,3753.9
684,106,30,85.41,7,2562.3
199,106,38,85.41,4,3245.58
516,106,20,100.0,3,2204.6
87,106,28,100.0,14,3003.0
561,106,24,100.0,5,2526.48
640,106,22,79.45,5,1747.9
90,106,35,93.35,11,3267.25
492,106,33,85.41,5,2818.53
628,106,31,95.34,17,2955.54
562,106,35,82.43,2,2885.05
495,106,35,90.37,8,3162.95
94,106,50,81.43,6,4071.5
564,106,26,100.0,9,2969.46
547,106,38,89.38,11,3396.44
698,106,45,100.0,1,4692.6
169,106,30,100.0,5,3515.7
565,106,37,91.37,4,3380.69
440,106,37,86.61,3,3204.57
101,106,36,71.89,7,2588.04
102,106,25,100.0,16,2854.75
104,106,37,100.0,8,4025.6
358,106,30,95.48,3,2864.4
697,106,36,100.0,2,3789.72
108,106,27,90.37,8,2439.99
602,107,48,61.44,10,2949.12
478,107,26,59.22,1,1539.72
346,107,26,85.13,2,2213.38
623,107,34,85.87,5,2919.58
86,107,44,85.87,3,3778.28
6,107,39,82.91,17,3233.49
88,107,45,76.25,2,3431.25
646,107,40,63.67,2,2546.8
447,107,42,70.33,15,2953.86
92,107,43,74.03,2,3183.29
434,107,34,72.55,11,2466.7
435,107,38,62.19,12,2363.22
482,107,35,71.07,7,2487.45
61,107,31,72.55,17,2249.05
437,107,32,64.41,9,2061.12
352,107,47,86.62,5,4071.14
439,107,39,68.11,15,2656.29
484,107,44,62.19,7,2736.36
549,107,39,85.87,12,3348.93
64,107,50,57.86,8,2893.0
692,107,22,75.51,1,1661.22
647,107,35,100.0,11,4277.35
357,107,45,55.62,17,2502.9
486,107,44,86.4,15,3801.6
359,107,36,87.36,12,3144.96
678,107,28,72.55,11,2031.4
445,107,43,62.19,12,2674.17
602,108,48,52.64,15,2526.72
478,108,28,48.17,6,1348.76
346,108,21,41.71,7,875.91
623,108,37,50.65,10,1874.05
624,108,34,49.16,8,1671.44
625,108,40,41.71,4,1668.4
626,108,45,51.15,7,2301.75
480,108,28,52.14,4,1459.92
545,108,29,41.71,1,1209.59
481,108,48,44.69,3,2145.12
628,108,31,45.69,7,1416.39
629,108,32,57.61,3,1843.52
482,108,21,57.11,12,1199.31
630,108,32,58.6,4,1875.2
96,108,43,57.61,1,2477.23
483,108,21,45.19,10,948.99
98,108,34,53.63,4,1823.42
484,108,34,43.7,12,1485.8
20,108,44,86.13,8,3789.72
64,108,27,76.31,6,2060.37
692,108,49,52.64,4,2579.36
22,108,23,95.2,12,2189.6
357,108,25,64.97,9,1624.25
486,108,50,87.15,16,4357.5
443,108,34,40.22,1,1367.48
487,108,20,56.12,4,1122.4
634,108,42,57.61,3,2419.62
683,109,25,56.78,8,1419.5
514,109,50,43.68,2,2184.0
684,109,32,64.97,8,2079.04
515,109,39,44.23,5,1724.97
157,109,50,60.06,4,3003.0
625,109,38,48.59,15,1846.42
561,109,40,50.23,6,2009.2
640,109,28,64.43,6,1804.04
545,109,42,50.23,12,2109.66
492,109,42,63.88,6,2682.96
628,109,36,63.34,18,2280.24
562,109,24,49.69,3,1192.56
93,109,23,65.52,9,1506.96
563,109,29,50.78,7,1472.62
564,109,37,45.86,10,1696.82
96,109,33,51.32,12,1693.56
496,109,32,60.06,1,1921.92
642,109,35,59.51,6,2082.85
643,109,40,55.69,5,2227.6
440,109,37,86.74,4,3209.38
553,109,42,97.16,5,4080.72
102,109,20,100.0,15,2244.4
104,109,29,100.0,1,3978.51
486,109,43,100.0,4,5417.57
691,109,34,62.24,1,2116.16
488,109,47,65.52,9,3079.44
